Workbook

Sheet 总表
J2: 人物属性
C3: 基础属性 | D3: 血量 | E3: 攻击 | F3: 物理防御 | G3: 魔法防御 | K3: 属性占比 | L3: 血量占比 | M3: 血量最大值 | N3: 攻击最大值 | O3: 防御最大值 | R3: 宠物属性 | S3: 属性占比 | T3: 血量占比 | U3: 攻击 | V3: 血量 | W3: 防御
D4: =(E4-F4)*D7 -> 1050 | E4: 100 | F4: 30 | G4: 30 | J4: 基础属性 | K4: 5 | L4: 5 | M4: =L4*$D$4 -> 5250 | N4: =K4*$E$4 -> 500 | O4: =G4*K4 -> 150 | R4: 基础比例 | S4: 1 | T4: 1 | U4: 500 | V4: 5000 | W4: 200
J5: 升级属性 | K5: 10 | L5: 20 | M5: =L5*$D$4 -> 21000 | N5: =K5*$E$4 -> 1000 | O5: =G4*K5 -> 300 | R5: 基础属性 | S5: 2.5 | T5: 2.5 | U5: =U4*S5 -> 1250 | V5: =V4*T5 -> 12500 | W5: =W4*S5 -> 500
E6: 普通 | F6: 技能 | J6: 装备属性 | K6: 35 | L6: 25 | M6: =L6*$D$4 -> 26250 | N6: =K6*$E$4 -> 3500 | O6: =$G$4*K6 -> 1050 | R6: 成长属性 | S6: 7 | T6: 7 | U6: =S6*U4 -> 3500 | V6: =T6*V4 -> 35000 | W6: =S6*W4 -> 1400
C7: 期待回合数 | D7: 15 | E7: 7.5 | F7: 7.5 | J7: 宝石属性 | K7: 10 | L7: 10 | M7: =L7*$D$4 -> 10500 | N7: =K7*$E$4 -> 1000 | O7: =$G$4*K7 -> 300
U8: =U6+U5 -> 4750 | V8: =V6+V5 -> 47500 | W8: =W6+W5 -> 1900
P9: 验证回合数
J10: 总属性 | K10: =SUM(K$4:K$7) -> 60 | L10: =SUM(L$4:L$7) -> 60 | M10: =SUM(M$4:M$7) -> 63000 | N10: =SUM(N$4:N$7) -> 6000 | O10: =SUM(O$4:O$7) -> 1800 | P10: =M10/(N10-O10) -> 15
J14: 宠物属性
K15: 属性占比 | L15: 血量占比 | M15: 血量最大值 | N15: 攻击最大值 | O15: 防御最大值
J16: 基础属性 | K16: 20 | L16: 10 | M16: =L16*$D$4 -> 10500 | N16: =K16*$E$4 -> 2000 | O16: =L16*$F$4 -> 300
J17: 加点属性 | K17: 10 | L17: 10 | M17: =L17*$D$4 -> 10500 | N17: =K17*$E$4 -> 1000 | O17: =L17*$F$4 -> 300
J18: 宠物之核 | K18: 15 | L18: 15 | M18: =L18*$D$4 -> 15750 | N18: =K18*$E$4 -> 1500 | O18: =L18*$F$4 -> 450
J21: 总属性 | K21: =SUM(K$4:K$7) -> 60 | L21: =SUM(L$4:L$7) -> 60 | M21: =SUM(M$4:M$7) -> 63000 | N21: =SUM(N$4:N$7) -> 6000 | O21: =SUM(O$4:O$7) -> 1800

Sheet 属性介绍
J1: 表现效果参考
B2: 属性 | D2: 效果 | G2: 技能属性类型 | H2: 火系 | I2: 灼烧：持续受到伤害；叠满后触发爆燃
B3: 生命值 | C3: 固定值 | D3: 角色能够承受的伤害 | H3: 水系 | I3: 潮湿：降低移动速度，并强化电系效果
B4: 攻击力 | C4: 固定值 | D4: 提高普通攻击和技能基础伤害 | H4: 电系 | I4: 感电：受到攻击时有概率将此伤害向附近敌人传导伤害 | J4: 传到一个人有电击的效果,逐个的传递
B5: 防御力 | C5: 固定值 | D5: 减少受到的物理伤害 | H5: 暗系 | I5: 侵蚀：降低防御和受到的治疗效果
B6: 法术强度 | C6: 固定值 | D6: 提高魔法技能的伤害效果 | H6: 光系 | I6: 圣痕：目标受到的伤害提高
B7: 攻击强度 | C7: 固定值 | D7: 提高近战普通攻击的效果 | H7: 自然 | I7: 中毒：持续伤害,并降低移动速度
B8: 攻击速度 | C8: 百分比 | D8: 提高普通攻击频率
B9: 移动速度 | C9: 固定值 | D9: 提高角色移动速度
B10: 暴击率 | C10: 百分比 | D10: 攻击产生暴击的概率 | K10: 对比属性 | L10: 如果当前属性比玩家属性高
B11: 抗暴率 | C11: 百分比 | D11: 抵抗暴击的概率 | G11: 一类属性 | H11: 力量 | I11: 增加攻击属性 | J11: 增加普攻伤害 | K11: 力量 | L11: 命中提升5%
B12: 命中率 | C12: 百分比 | D12: 降低攻击落空概率 | H12: 智力 | I12: 提高法术强度 | J12: 增加所有技能类伤害 | K12: 智力 | L12: 技能伤害提升5%
B13: 闪避率 | C13: 百分比 | D13: 有概率完全躲避攻击 | H13: 敏捷 | I13: 提高攻击强度 | J13: 伤害加成 | K13: 敏捷 | L13: 暴击提升5%
B14: 冷却缩减 | C14: 百分比 | D14: 减少技能冷却时间 | H14: 体质 | I14: 提高生命值 | J14: 伤害减免 | K14: 体质 | L14: 抗暴提升5%
B15: 破甲 | C15: 百分比 | D15: 降低敌人防御力 | H15: 耐力 | I15: 提高防御属性 | J15: 增加自身的技能抵抗概率和格挡的概率 | K15: 耐力 | L15: 闪避提升5%
B16: 穿透 | C16: 百分比 | D16: 每次攻击概率忽略目标的抗性或护甲
B17: 斩击 | C17: 百分比 | D17: 当目标血量低于30%,额外造成的伤害
B18: 溅射 | C18: 百分比 | D18: 对有主目标的普通攻击和技能攻击的伤害可以扩散到附近的单位 | H18: =4*4*4 -> 64
B19: 格挡 | C19: 百分比 | D19: 有一定概率抵抗普通攻击造成的伤害
B20: 技能抵抗 | C20: 百分比 | D20: 受到技能将会减免一定的伤害
B21: 伤害加成 | C21: 百分比 | D21: 造成伤害的总加成
B22: 伤害减免 | C22: 百分比 | D22: 受到伤害的总减免
B23: 首领增伤 | C23: 百分比 | D23: 增加Boss造成的伤害
B24: 首领减伤 | C24: 百分比 | D24: 减少Boss造成的伤害
B25: 治疗增效 | C25: 百分比 | D25: 恢复药剂的生命以及恢复类技能的恢复量提高
B26: 免费施法 | C26: 百分比 | D26: 技能有概率不进入冷却时间
B27: 金币加成 | C27: 百分比 | D27: 提高获得的金币
B28: 经验加成 | C28: 百分比 | D28: 提高获得的经验
B29: 暴击伤害 | C29: 百分比 | D29: 暴击时造成的额外伤害
B30: 异常抗性 | C30: 百分比 | D30: 降低负面状态命中概率
B31: 反弹伤害 | C31: 百分比 | D31: 受到伤害有一定概率将此伤害反弹给目标敌人
B33: 火系伤害 | C33: 百分比 | D33: 每个技能有对应的系列,对应系列的技能伤害提升 | F33: 可以
B34: 水系伤害 | C34: 百分比 | D34: 每个技能有对应的系列,对应系列的技能伤害提升
B35: 电系伤害 | C35: 百分比 | D35: 每个技能有对应的系列,对应系列的技能伤害提升
B36: 暗系伤害 | C36: 百分比 | D36: 每个技能有对应的系列,对应系列的技能伤害提升
B37: 光系伤害 | C37: 百分比 | D37: 每个技能有对应的系列,对应系列的技能伤害提升
B38: 自然伤害 | C38: 百分比 | D38: 每个技能有对应的系列,对应系列的技能伤害提升
B39: 火系抗性 | C39: 百分比 | D39: 每个技能有对应的系列,对应系列的技能抗性提升
B40: 水系抗性 | C40: 百分比 | D40: 每个技能有对应的系列,对应系列的技能抗性提升
B41: 电系抗性 | C41: 百分比 | D41: 每个技能有对应的系列,对应系列的技能抗性提升
B42: 暗系抗性 | C42: 百分比 | D42: 每个技能有对应的系列,对应系列的技能抗性提升
B43: 光系抗性 | C43: 百分比 | D43: 每个技能有对应的系列,对应系列的技能抗性提升
B44: 自然抗性 | C44: 百分比 | D44: 每个技能有对应的系列,对应系列的技能抗性提升
B51: 异常状态 | D51: 效果描述
B52: 灼烧 | C52: 固定值,秒 | D52: 持续造成火焰伤害
B53: 沉默 | C53: 固定值,秒 | D53: 无法释放技能
B54: 缴械 | C54: 固定值,秒 | D54: 无法攻击
B55: 恐惧 | C55: 固定值,秒 | D55: 让敌人四处游走
B56: 眩晕 | C56: 固定值,秒 | D56: 无法移动和释放技能和攻击
B58: 眩晕恢复 | C58: 百分比 | D58: 受到眩晕冷却降低多少
B63: 集中 | C63: 百分比 | D63: 对目标持续3秒后输出变高
B64: 距离增伤 | D64: 距离敌人越远，伤害越高
B65: 贴身增伤 | D65: 距离敌人越近，伤害越高

Sheet 等级属性
A1: 等级 | B1: 血量系数 | C1: 属性系数 | D1: 血量 | E1: 攻击 | F1: 物防 | G1: 魔防
A2: 1 | B2: 5 | C2: 5 | D2: =B2*[1]属性总表!$E$5 -> 5250 | E2: =ROUND([1]等级属性!C2*[1]属性总表!$F$5,0) -> 500 | F2: =ROUND(C2*[1]属性总表!$G$5,0) -> 150 | G2: =ROUND(C2*[1]属性总表!$H$5,0) -> 150
A3: 2 | B3: =B2+0.25 -> 5.25 | C3: =C2+0.12 -> 5.12 | D3: =B3*[1]属性总表!$E$5 -> 5512.5 | E3: =ROUND([1]等级属性!C3*[1]属性总表!$F$5,0) -> 512 | F3: =ROUND(C3*[1]属性总表!$G$5,0) -> 154 | G3: =ROUND(C3*[1]属性总表!$H$5,0) -> 154 | H3: =D3-D2 -> 262.5
A4: 3 | B4: =B3+0.25 -> 5.5 | C4: =C3+0.12 -> 5.24 | D4: =B4*[1]属性总表!$E$5 -> 5775 | E4: =ROUND([1]等级属性!C4*[1]属性总表!$F$5,0) -> 524 | F4: =ROUND(C4*[1]属性总表!$G$5,0) -> 157 | G4: =ROUND(C4*[1]属性总表!$H$5,0) -> 157
A5: 4 | B5: =B4+0.25 -> 5.75 | C5: =C4+0.12 -> 5.36 | D5: =B5*[1]属性总表!$E$5 -> 6037.5 | E5: =ROUND([1]等级属性!C5*[1]属性总表!$F$5,0) -> 536 | F5: =ROUND(C5*[1]属性总表!$G$5,0) -> 161 | G5: =ROUND(C5*[1]属性总表!$H$5,0) -> 161
A6: 5 | B6: =B5+0.25 -> 6 | C6: =C5+0.12 -> 5.48 | D6: =B6*[1]属性总表!$E$5 -> 6300 | E6: =ROUND([1]等级属性!C6*[1]属性总表!$F$5,0) -> 548 | F6: =ROUND(C6*[1]属性总表!$G$5,0) -> 164 | G6: =ROUND(C6*[1]属性总表!$H$5,0) -> 164
A7: 6 | B7: =B6+0.25 -> 6.25 | C7: =C6+0.12 -> 5.6 | D7: =B7*[1]属性总表!$E$5 -> 6562.5 | E7: =ROUND([1]等级属性!C7*[1]属性总表!$F$5,0) -> 560 | F7: =ROUND(C7*[1]属性总表!$G$5,0) -> 168 | G7: =ROUND(C7*[1]属性总表!$H$5,0) -> 168
A8: 7 | B8: =B7+0.25 -> 6.5 | C8: =C7+0.12 -> 5.72 | D8: =B8*[1]属性总表!$E$5 -> 6825 | E8: =ROUND([1]等级属性!C8*[1]属性总表!$F$5,0) -> 572 | F8: =ROUND(C8*[1]属性总表!$G$5,0) -> 172 | G8: =ROUND(C8*[1]属性总表!$H$5,0) -> 172
A9: 8 | B9: =B8+0.25 -> 6.75 | C9: =C8+0.12 -> 5.84 | D9: =B9*[1]属性总表!$E$5 -> 7087.5 | E9: =ROUND([1]等级属性!C9*[1]属性总表!$F$5,0) -> 584 | F9: =ROUND(C9*[1]属性总表!$G$5,0) -> 175 | G9: =ROUND(C9*[1]属性总表!$H$5,0) -> 175
A10: 9 | B10: =B9+0.25 -> 7 | C10: =C9+0.12 -> 5.96 | D10: =B10*[1]属性总表!$E$5 -> 7350 | E10: =ROUND([1]等级属性!C10*[1]属性总表!$F$5,0) -> 596 | F10: =ROUND(C10*[1]属性总表!$G$5,0) -> 179 | G10: =ROUND(C10*[1]属性总表!$H$5,0) -> 179
A11: 10 | B11: =B10+0.25 -> 7.25 | C11: =C10+0.12 -> 6.08 | D11: =B11*[1]属性总表!$E$5 -> 7612.5 | E11: =ROUND([1]等级属性!C11*[1]属性总表!$F$5,0) -> 608 | F11: =ROUND(C11*[1]属性总表!$G$5,0) -> 182 | G11: =ROUND(C11*[1]属性总表!$H$5,0) -> 182
A12: 11 | B12: =B11+0.25 -> 7.5 | C12: =C11+0.12 -> 6.2 | D12: =B12*[1]属性总表!$E$5 -> 7875 | E12: =ROUND([1]等级属性!C12*[1]属性总表!$F$5,0) -> 620 | F12: =ROUND(C12*[1]属性总表!$G$5,0) -> 186 | G12: =ROUND(C12*[1]属性总表!$H$5,0) -> 186
A13: 12 | B13: =B12+0.25 -> 7.75 | C13: =C12+0.12 -> 6.32 | D13: =B13*[1]属性总表!$E$5 -> 8137.5 | E13: =ROUND([1]等级属性!C13*[1]属性总表!$F$5,0) -> 632 | F13: =ROUND(C13*[1]属性总表!$G$5,0) -> 190 | G13: =ROUND(C13*[1]属性总表!$H$5,0) -> 190
A14: 13 | B14: =B13+0.25 -> 8 | C14: =C13+0.12 -> 6.44 | D14: =B14*[1]属性总表!$E$5 -> 8400 | E14: =ROUND([1]等级属性!C14*[1]属性总表!$F$5,0) -> 644 | F14: =ROUND(C14*[1]属性总表!$G$5,0) -> 193 | G14: =ROUND(C14*[1]属性总表!$H$5,0) -> 193
A15: 14 | B15: =B14+0.25 -> 8.25 | C15: =C14+0.12 -> 6.56 | D15: =B15*[1]属性总表!$E$5 -> 8662.5 | E15: =ROUND([1]等级属性!C15*[1]属性总表!$F$5,0) -> 656 | F15: =ROUND(C15*[1]属性总表!$G$5,0) -> 197 | G15: =ROUND(C15*[1]属性总表!$H$5,0) -> 197
... A71: 70 | B71: =B70+0.25 -> 22.25 | C71: =C70+0.12 -> 13.28 | D71: =B71*[1]属性总表!$E$5 -> 23362.5 | E71: =ROUND([1]等级属性!C71*[1]属性总表!$F$5,0) -> 1328 | F71: =ROUND(C71*[1]属性总表!$G$5,0) -> 398 | G71: =ROUND(C71*[1]属性总表!$H$5,0) -> 398

Sheet 活力属性
B2: 制造品质 | F2: 最高熟练度500 | K2: 等级 | L2: 熟练度上线
F3: 制造1个提升1-3点 | K3: 20 | L3: 200 | N3: 150 | P3: =N3/L3*50 -> 37.5 | Q3: =N3/L3*100 -> 75
K4: 30 | L4: 300
I5: =500/3 -> 166.66667 | K5: 40 | L5: 400
K6: 50 | L6: 500

Sheet 技能
AC1: 魔杖 | AD1: 单体攻击
S2: 元素武士 | AC2: 魔法书 | AD2: 群体攻击 | AR2: 增加一个法师分身 | BL2: 怒气每秒10点怒气,上限是100点 | BY2: 游侠 | CA2: 武器 | CB2: 弓箭 | CC2: 剑
B3: 战士 | C3: 武器 | D3: 等级 | E3: 需要怒气 | F3: 技能名称 | G3: 技能效果 | I3: 10001 | J3: 专精系统 | K3: 18级 | L3: 天赋1 | M3: 生命恢复 | N3: 新增技能生命回复,可以立即回复自身20%生命,15秒冷却时间 | R3: 转职专精 | S3: 1 | T3: 速度专精：移动速度提升10% | V3: =T3&","&T4&","&T5 -> 速度专精：移动速度提升10%,装备精通：布甲,移动光环：小队内移动速度提升10% | AB3: 法师 | AC3: 武器 | AD3: 等级 | AE3: 需要怒气 | AF3: 技能名称 | AG3: 技能效果 | AN3: 职业技能 | BK3: 战士 | BL3: 武器 | BM3: 等级 | BN3: 需要怒气 | BO3: 技能名称 | BP3: 技能效果
C4: 刀 | D4: 1 | F4: 裂地斩 | G4: 对前方区域造成200%伤害。 | I4: 10002 | L4: 天赋2 | M4: 强击 | N4: 新增强击技能,立即对目标造成200%伤害 | S4: 2 | T4: 装备精通：布甲 | Z4: 22000010 | AA4: 22000010 | AC4: 魔杖 | AD4: 1 | AF4: 魔法闪击 | AG4: 对指定区域造成200%伤害 | AN4: 魔导师 | AO4: 不限 | AP4: 20 | AR4: 瞬移闪击 | AS4: 瞬间前往目标区域并在原地造成150%伤害,眩晕1秒 | AV4: 10001 | AW4: 专精系统 | AX4: 18级 | AY4: 天赋1 | AZ4: 伤害增幅 | BA4: 魔法闪击和龙卷雨击伤害提升50% | BI4: Eff_Skill_BaoZha_23(Clone) | BK4: Bullet_BlazingRed_Big_Projectile | BL4: 弓箭 | BM4: 1 | BN4: 30 | BO4: 震荡射击 | BP4: 对前方区域射出一直强有力的震荡箭,造成200%伤害,并使其减速50% | CA4: 射击 | CC4: 兽王
C5: 剑 | D5: 1 | F5: 裂地击 | G5: 对前方区域造成150%伤害,并让目标防御降低50%,持续6秒 | I5: 10003 | L5: 天赋3 | M5: 伤害上升 | N5: 裂地击和裂波击伤害提升50% | S5: 3 | T5: 移动光环：小队内移动速度提升10% | Z5: 22000020 | AA5: E3D-Spell-Wind-Blue2(Clone) | AC5: 魔法书 | AD5: 1 | AF5: 龙卷雨击 | AG5: 对指定区域造成150%伤害,并降低目标移动速度50%,持续3秒 | AM5: E3D-Skill-Blast-Orange1 | AN5: E3D-Spell-Wind-Orange2 | AP5: 25 | AR5: 冲击波 | AS5: 向前方发射一个可移动的光球,触碰的单位造成200%伤害 | AV5: 10002 | AY5: 天赋2 | AZ5: 轰击 | BA5: 新增技能:轰击 立即对目标及其范围造成200%伤害 | BI5: Daofeng_Atk_Q_DeBuff(Clone) | BK5: Eff_Skill_FireWall_13 | BL5: 剑 | BM5: 1 | BN5: 30 | BO5: 奥义投掷 | BP5: 像前方发射一个魔球,魔球在向前方飞行10秒会原路径返回,对触碰的单位造成150%伤害。 | BY5: 审判者 | CA5: 猎影 | CC5: 驯兽师
I6: 10011 | K6: 22级 | L6: 天赋1 | M6: 技能刷新 | N6: 每次攻击暴击后5%的概率自动触发裂地斩技能,且不影响主技能的冷却时间 | AL6: E3D-Skill-Direct-Front-Blue1(Clone) | AN6: E3D-Ballistic-Continuous-Violet1(Clone) | AP6: 30 | AR6: 熔岩大地 | AS6: 对目标区域释放火焰灼烧,每秒造成100%伤害,持续6秒 | AV6: 10003 | AY6: 天赋3 | AZ6: 减速之术 | BA6: 普通攻击附带20%减速效果,持续3秒 | BY6: 隐身
C7: 刀 | D7: 7 | F7: 回旋击 | G7: 对目标前方目标区域造成150%伤害，并造成1秒眩晕效果 | I7: 10012 | L7: 天赋2 | M7: 进退自由 | N7: 跳跃斩和冲锋斩会对目标区域内造成3秒眩晕的效果 | Z7: 22000030 | AA7: E3D-Skill-Blast-Violet1 | AC7: 魔杖 | AD7: 7 | AF7: 禁锢之术 | AG7: 对目标前方目标区域造成150%伤害，并造成1秒眩晕效果 | AM7: E3D-Skill-Blast-Orange | AN7: E3D-Spell-Vertical-Orange2(Clone) | AP7: 35 | AR7: 魔导之身 | AS7: 召唤一个自己的分身协助自身攻击 | AV7: 10011 | AX7: 22级 | AY7: 天赋1 | AZ7: 龙卷增强 | BA7: 攻击有5%概率对目标释放龙卷雨击 | BJ7: Weien_Atk_W_Buff(Clone) | BL7: 弓箭 | BM7: 7 | BN7: 50 | BO7: 召唤野兽 | BP7: 可以召唤一只野兽协助自己攻击(还是说直接捕捉野外的怪物)
C8: 剑 | D8: 7 | F8: 旋风斩 | G8: 持续性的旋转每秒造成60%伤害，持续5秒，旋转时可自由移动 | I8: 10013 | L8: 天赋3 | M8: 圣光之速 | N8: 圣光之速,提升自身移动速度200%,持续6秒 | Z8: 22000040 | AA8: Eff_Skill_ChiXu_7 | AC8: 魔法书 | AD8: 7 | AF8: 烈焰灼烧 | AG8: 对目标区域释放火焰灼烧,每秒造成50%伤害,持续6秒 | AP8: 被动 | AR8: 职业专属被动 | AS8: 攻击有3%概率释放冲击波技能 | AV8: 10012 | AY8: 天赋2 | AZ8: 冰冻击 | BA8: 新增技能:冰冻击 立即对前方矩形范围的目标造成200%伤害,并使其眩晕1秒 | BL8: 剑 | BM8: 7 | BN8: 30 | BO8: 奥义之击 | BP8: 对于前方单体目标造成200%伤害，如目标生命低于30%的则造成伤害提升50% | BY8: 跟召唤兽合体 | CN8: 10001 | CO8: 专精系统 | CP8: 18级 | CQ8: 天赋1 | CR8: 生命恢复 | CS8: 每次攻击概率恢复己方一定生命值
I9: 10021 | K9: 27级 | L9: 天赋1 | M9: 暴击上升 | N9: 暴击概率永久提升5% | S9: 光之剑魂 | AR9: 职业光环 | AS9: 附近己方单位防御效果增加10% | AV9: 10013 | AY9: 天赋3 | AZ9: 伤害增加 | BA9: 守护之击和冰锥之击使目标受到伤害增加50%,持续6秒 | BZ9: 1技能寒冰箭:向前方发射一枚巨大的寒冰箭矢，命中敌人造成50%减速并冰冻敌方一秒。 | CI9: Eff_Skill_ChiXu_19 | CN9: 10002 | CQ9: 天赋2 | CR9: 凶猛 | CS9: 立即提升己方和召唤兽的100%攻击速度,持续6秒
C10: 刀 | D10: 12 | F10: 跳跃斩 | G10: 跳跃至指定区域，对目标区域造成150%伤害 | I10: 10022 | L10: 天赋2 | M10: 职业专精 | N10: 职业专属被动技能效果提升至5% | S10: 1 | T10: 刀类专精：使用剑类武器伤害提升5% | V10: =T10&","&T11&","&T12 -> 刀类专精：使用剑类武器伤害提升5%,装备精通：轻甲,暴击光环：小队内暴击概率提升5% | Z10: 22000050 | AA10: E3D-Buff-Continuous-Orange2(Clone) | AC10: 魔杖 | AD10: 12 | AF10: 守护之击 | AG10: 对己方周围区域造成150%伤害,并将其向后击退 | AM10: 控制 | AV10: 10021 | AX10: 27级 | AY10: 天赋1 | AZ10: 英勇守护 | BA10: 受到伤害有5%概率触发守护之击 | CN10: 10003 | CQ10: 天赋3 | CR10: 伤害上升 | CS10: 震荡射击的伤害提升50%
C11: 剑 | D11: 12 | F11: 冲锋斩 | G11: 冲锋至前方区域，对目标区域造成150%伤害 | I11: 10023 | L11: 天赋3 | M11: 技能专精 | N11: 元素护盾: 护盾效果提升50% 光能斩:伤害提升50% 能量吸附:伤害提升50% | S11: 2 | T11: 装备精通：轻甲 | Z11: 22000060 | AA11: E3D-Damage-Sword-Orange1 | AC11: 魔法书 | AD11: 12 | AF11: 冰锥之击 | AG11: 蓄力1秒,对前方区域造成300%伤害 | AM11: E3D-Skill-Front-Orange2(Clone) | AN11: 光灵使者 | AP11: 20 | AR11: 精灵之击 | AS11: 对当前目标造成300%伤害,并使其眩晕2秒 | AV11: 10022 | AY11: 天赋2 | AZ11: 技能专精 | BA11: 魔法护盾: 护盾效果提升50% 精灵之击:伤害提升50% 治愈之术:伤害提升50% | BK11: Eff_Skill_GongJian_Skill_1/Eff_Skill_GongJian_Skill_1_Hit | BL11: 弓箭 | BM11: 12 | BN11: 35 | BO11: 散射 | BP11: 射出扇形的散箭攻击目标造成200%伤害,并使攻击目标造成1秒眩晕 | BW11: 布甲 | BY11: 生存 | CN11: 10011 | CP11: 22级 | CQ11: 天赋1 | CR11: 爆炸种子 | CS11: 每次攻击会在目标种下一颗爆炸种子,3秒后发生爆炸对范围内的敌人造成250%伤害
I12: 10031 | K12: 32级 | L12: 天赋1 | M12: 防御之盾 | N12: 每20秒自动自身释放一个护盾,护盾可以抵抗50%伤害,持续20秒 | S12: 3 | T12: 暴击光环：小队内暴击概率提升5% | AN12: E3D-Relive-Light-Green | AP12: 25 | AR12: 暴焰燃烧 | AS12: 持续引导释放,对目标区域持续造成100%伤害,持续6秒，对造成伤害的目标移动速度降低50%,持续3秒 | AV12: 10023 | AY12: 天赋3 | AZ12: 意念之勇 | BA12: 攻击有5%概率使自身获得10%伤害加成,持续10秒 | BI12: E3D-Ballistic-Blast-Green1(Clone)(自身跳一下) | BK12: 46_RFX_Straight_IceWall1 | BL12: 剑 | BM12: 12 | BN12: 35 | BO12: 奥义守护 | BP12: 向后跳跃并向前方，对前方范围造成200%伤害,并使移动速度和命中降低30%,持续6秒 | BW12: Eff_Skill_BaoZha_23+Eff_Skill_BaoZha_21 | BX12: 30 | BY12: 冰冻陷阱 | BZ12: 释放一个冰冻陷阱,3秒后陷阱进入准备状态,对触碰的单位造成伤害和减速效果 | CG12: Eff_Skill_BaoZha_44 | CN12: 10012 | CQ12: 天赋2 | CR12: 野兽强壮 | CS12: 召唤的野兽攻击和血量提升20%
B13: 职业技能 | I13: 10032 | L13: 天赋2 | M13: 猛击 | N13: 新增技能：猛击 立即对目标造成300%伤害,如果目标血量低于30%,伤害提升50% | AM13: E3D-Buff-Absorb-Red | AN13: E3D-Skill-Blast-Orange1 | AP13: 30 | AR13: 点燃 | AS13: 给目标释放点燃,点燃目标每2秒会在自己脚下生成1个灼烧，灼烧会对附近的己方单位造成100%伤害 | AV13: 10031 | AX13: 32级 | AY13: 天赋1 | AZ13: 攻击提升 | BA13: 攻击永久提升5% | BP13: 上面这个技能在天赋里附加一个,释放技能自身可以向后跳跃 | BU13: E3D-Ground-Skill-Boom(Clone) E3D-Skill-Blast-Orange1(Clone) | BW13: Mon_Zhadankongzei_Atk_Q(Clone) | BX13: 35 | BY13: 爆炸陷阱 | BZ13: 释放一个爆炸陷阱,3秒后陷阱进入准备状态，目标将造成伤害和眩晕效果 | CG13: Eff_Skill_BaoZha_45 | CN13: 10013 | CQ13: 天赋3 | CR13: 散射眩晕 | CS13: 散射的技能伤害提升50%
B14: 逐风者 | C14: 不限 | D14: 20 | F14: 元素护盾 | G14: 对自身释放一个护盾,护盾可以抵抗自身最大生命100%的伤害,持续30秒 | I14: 10033 | L14: 天赋3 | M14: 技能升阶 | N14: 元素光球:对触碰到的玩家移动速度降低50% 光剑攻击:持续时间延长至10秒 狂魔状态:伤害提升至60% | AB14: 伤害 | AC14: 光之魔导 | AN14: E3D-Ground-Blast-Violet1(Clone) | AP14: 35 | AR14: 精灵轰击 | AS14: 吟唱2秒, 对目标区域造成300%伤害,并眩晕1秒 | AV14: 10032 | AY14: 天赋2 | AZ14: 技能专精 | BA14: 瞬移闪击: 眩晕效果延长至2秒 爆焰燃烧:效果延长时间增加4秒 治愈之境:恢复效果由1%提升至2% | BL14: 近战/远程姿态切换 | BU14: Mon_Bingjuren_Atk_W(Clone) | BW14: Common_XJ_bingci(Clone) | BX14: 40 | BY14: 冰封之地 | BZ14: 在一个大范围内,敌方目标持续降低移动速度和受到伤害 | CG14: Eff_Skill_ChiXu_14 | CN14: 10021 | CP14: 27级 | CQ14: 天赋1 | CR14: 重击之力 | CS14: 重击概率永久提升5%
D15: 25 | F15: 元素光球 | G15: 向前方发射一颗移动缓慢的球体,球体每秒对附近玩家造成120%伤害,持续6秒,并降低目标移动速度50% | I15: 10041 | K15: 37级 | L15: 天赋1 | M15: 攻击恢复 | N15: 普通攻击有3%概率回复自身最大生命的1% | AB15: 控制 | AC15: 精灵魔师 | AP15: 被动 | AR15: 职业专属被动 | AS15: 暴击攻击有10%概率向目标触发精灵之击的技能 | AV15: 10033 | AY15: 天赋3 | AZ15: 坚韧 | BA15: 当生命值降低至30%后,受到伤害减免30% | BL15: 消耗能量切换姿态？ | BX15: 50 | BY15: 火舌守卫 | BZ15: 召唤一个毒蛇陷阱,每个毒蛇有自己的攻击,但是不能移动，只能在附近区域进行攻击 | CN15: 10022 | CQ15: 天赋2 | CR15: 冰寒之箭 | CS15: 每次攻击有概率降低目标30%移动速度,持续5秒
D16: 30 | F16: 元素爆冰 | G16: 对前方区域造成250%伤害,并造成3秒眩晕 | I16: 10042 | L16: 天赋2 | M16: 生命护盾 | N16: 当生命低于30%时,自动获得一个护盾,可以抵抗相当于自身100%生命的伤害,30秒冷却时间 | S16: 魔神战士 | AB16: 治疗 | AC16: 心灵之师 | AR16: 职业光环 | AS16: 附近敌方单位移动速度降低10% | AV16: 10041 | AX16: 37级 | AY16: 天赋1 | AZ16: 守护之击 | BA16: 新增技能:守护之击 立即对周围敌方目标造成200%伤害,并眩晕1秒 | CN16: 10023 | CQ16: 天赋3 | CR16: 技能专精 | CS16: 冰冻陷阱: 冷却时间降低2秒 灼热之箭:伤害提升50% 野兽爆发:爆发状态延长3秒
D17: 35 | F17: 元素爆裂 | G17: 对目标区域造成300%伤害，并使目标区域移动速度降低50%,持续3秒 | I17: 10043 | L17: 天赋3 | M17: 职业专精 | N17: 元素烈波: 触碰到的目标移动速度降低50%,持续6秒 光之能量:伤害范围增加,伤害提升至75% 狂魔之球:伤害提升至125% | S17: 1 | T17: 刀类专精：使用刀类武器伤害提升5% | V17: =T17&","&T18&","&T19 -> 刀类专精：使用刀类武器伤害提升5%,装备精通：重甲,伤害光环：小队内造成伤害提升5% | AV17: 10042 | AY17: 天赋2 | AZ17: 技能专精 | BA17: 冲击波: 对受到伤害的目标单位时期原地禁锢3秒,无法移动 灼烧轰击:效果延长时间增加4秒 心灵之击:伤害提升50% | BV17: E3D-Skill-Continuous-Orange-Loop(Clone) | BW17: 觉醒 | BZ17: 在一个范围持续性伤害 | CG17: Eff_Skill_ChiXu_15 | CN17: 10031 | CP17: 32级 | CQ17: 天赋1 | CR17: 暴击之力 | CS17: 普通攻击暴击时会让自身伤害提升20%,持续6秒
D18: 被动 | F18: 职业专属被动 | G18: 普通攻击有3%概率向目标发送元素裂波的技能 | I18: 10051 | K18: 42级 | L18: 天赋1 | M18: 最后希望 | N18: 在生命值低于5%时,立即回复自身20%最大生命,120秒冷却时间 | S18: 2 | T18: 装备精通：重甲 | AM18: E3D-Relive-Light-Green | AN18: 神圣牧师 | AP18: 20 | AR18: 魔法护盾 | AS18: 对自身释放一个护盾,护盾可以抵抗自身最大生命100%的伤害,持续10秒 | AV18: 10043 | AY18: 天赋3 | AZ18: 速度增幅 | BA18: 移动速度永久提升10% | BN18: 近战状态 | CN18: 10032 | CQ18: 天赋2 | CR18: 怒气 | CS18: 每次释放技能有一定概率恢复一定怒气值
F19: 职业光环 | G19: 附近友方玩家命中概率提升+5% | I19: 10052 | L19: 天赋2 | M19: 爆裂轰炸 | N19: 新增技能：爆裂轰炸 对自身范围内每秒持续造成100%伤害,持续6秒 | S19: 3 | T19: 伤害光环：小队内造成伤害提升5% | AM19: TX_DLD_chushengdian(Clone) | AO19: Eff_Skill_QunLiao_1 | AP19: 25 | AR19: 治愈之境 | AS19: 对目标区域释放治愈权杖,附近单位每秒恢复最大生命值1%的生命值,怪物每秒损失30%的生命值,持续10秒 | AV19: 10051 | AX19: 42级 | AY19: 天赋1 | AZ19: 暴击恢复 | BA19: 每次攻击暴击后,立即回复己方最大生命的3% | BN19: 能量饥渴 | BO19: 血量越少,攻击伤害越高 | BW19: 被动 | CN19: 10033 | CQ19: 天赋3 | CR19: 技能升阶 | CS19: 爆炸陷阱:造成暴击后会对目标附加1秒眩晕 眩晕射击:技能伤害提升50% 狩猎标记:伤害提升10%
I20: 10053 | L20: 天赋3 | M20: 职业升阶 | N20: 元素爆裂：技能的伤害范围增加增加,伤害提升至400%伤害 光之斩:技能伤害增加至400%,眩晕增加至3秒 狂魔之地:效果提升至50% | AB20: 召唤 | AC20: 召唤魔师 | AN20: E3D-Relive-Light-Green | AP20: 30 | AR20: 心灵之击 | AS20: 对目标范围造成200%伤害,并使其收到伤害增加50%,持续6秒 | AV20: 10052 | AY20: 天赋2 | AZ20: 技能专精 | BA20: 熔岩大地: 伤害提升25% 精灵轰击:眩晕效果延长至3秒 心灵治愈:治疗效果提升30% | BN20: 巨魔光环 | BO20: 周围掉血 | BY20: 职业光环 | BZ20: 物理穿透提升10% | CN20: 10041 | CP20: 37级 | CQ20: 天赋1 | CR20: 射击专精 | CS20: 每次使用弓箭攻击目标有概率造成200%伤害
B21: 驭剑士 | D21: 20 | F21: 光能斩 | G21: 超大范围攻击,对附近区域造成200%伤害 | I21: 10051 | K21: 52级 | L21: 天赋1 | M21: 闪避之击 | N21: 每次闪避目标攻击有概率对目标造成一次攻击伤害 | AN21: E3D-Spell-Cure-Green2 | AP21: 35 | AR21: 心灵治愈 | AS21: 对目标区域恢复相当于自身攻击100%的生命值,并对范围内己方玩家攻击提升25%,持续10秒 | AV21: 10053 | AY21: 天赋3 | AZ21: 移动光球 | BA21: 新增技能: 移动光球,对前方区域释放一个移动的光球,对触碰到的单位造成200%伤害 | BZ21: 每次攻击有概率触发震荡射击 | CN21: 10042 | CQ21: 天赋2 | CR21: 生命护盾 | CS21: 当生命低于30%时,自动获得一个护盾,可以抵抗相当于自身100%生命的伤害,30秒冷却时间
D22: 25 | F22: 光剑攻击 | G22: 立即给自己的武器附带光电效果,攻击目标将降低目标30%防御和伤害效果,持续60秒 | I22: 10052 | L22: 天赋2 | M22: 职业专精 | N22: 元素引力波技能造成伤害提升50%;光之击冷却时间降低5秒;能量之地技能伤害提升20% | AP22: 被动 | AR22: 职业专属被动 | AS22: 受到攻击有3%概率给自己释放一个护盾 | AV22: 10051 | AX22: 52级 | AY22: 天赋1 | AZ22: 职业专精 | BA22: 大魔导师之影冷却时间降低20秒,精灵轰击取消吟唱改为立即施法,心灵治愈冷却时间缩减5秒 | CN22: 10043 | CQ22: 天赋3 | CR22: 职业专精 | CS22: 冰封之地: 伤害提升20% 蓄力一击:伤害提升50% 狂魔之球:伤害提升至50%
D23: 30 | F23: 光之能量 | G23: 对前方区域释放一个区域性伤害,每秒造成50%伤害,持续6秒 | I23: 10053 | L23: 天赋3 | M23: 时间掌握 | N23: 技能冷却时间降低10% | AF23: 无技能效果 | AI23: 无技能效果 | AK23: 单体 | AL23: 无技能效果 | AR23: 职业光环 | AS23: 附近敌方单位受到伤害额外提升10% | AV23: 10052 | AY23: 天赋2 | AZ23: 法术连击 | BA23: 释放技能有15%概率连续释放2次 | BN23: 远程被动 | CN23: 10051 | CP23: 42级 | CQ23: 天赋1 | CR23: 射击穿透 | CS23: 物理穿透提升10%
D24: 35 | F24: 光之斩 | G24: 蓄力1秒,对目标快速突击,所经过的直线区域造成300%伤害,并眩晕1秒 | AD24: 普通技能效果 | AF24: 2.5 | AG24: 300 | AI24: 2.5 | AJ24: 1500 | AK24: 3 | AL24: 2.5 | AM24: 300 | AN24: =AL24*1500 -> 3750 | AO24: =AM24 -> 300 | AP24: =AO24+AN24 -> 4050 | AV24: 10053 | AY24: 天赋3 | AZ24: 被动反击 | BA24: 受到攻击有20%概率对目标造成2秒眩晕,此效果10秒触发一次 | BN24: 精准射击 | BO24: 攻击目标命中增加10% | BU24: E3D-Skill-Blade-Orange1(Clone) | BW24: 轻甲 | BY24: 猎影 | CN24: 10052 | CQ24: 天赋2 | CR24: 怒气恢复 | CS24: 怒气上限提升至120,怒气恢复速度提升10%
D25: 被动 | F25: 职业专属被动 | G25: 普通攻击暴击后有10%概率给自己的武器附加光剑属性 | N25: 刃甲 | S25: 战士 | AE25: =AF25-AF24 -> 0 | AF25: 2.5 | AG25: 300 | AI25: 2.5 | AJ25: 1500 | AK25: 3 | AL25: 2.5 | AM25: 300 | AN25: =AL25*1500 -> 3750 | AO25: =AM25 -> 300 | AP25: =AO25+AN25 -> 4050 | BA25: 爆裂燃烧冷却CD降低3秒 | BS25: Jiansheng_Atk_Q(Clone) | BV25: Binggong_Atk_W(Clone)（改） | BX25: 30 | BY25: 灼热之箭 | BZ25: 对目标区域造成伤害并附加灼热BUFF，每秒损失一定生命值,可叠加 | CG25: Eff_Skill_BaoZha_46 | CN25: 10053 | CQ25: 天赋3 | CR25: 职业升阶 | CS25: 火舌守卫：冷却时间降低5秒 剑气:技能会使目标的移动速度降低30% 野兽呼唤:怪物伤害提升20%
F26: 职业光环 | G26: 附近友方玩家暴击概率提升+5% | R26: 特殊技能书 | S26: 1 | T26: 基础剑术 | U26: 攻击有一定概率 | AD26: =1000*AE26 -> 0 | AE26: =AF26-AF25 -> 0 | AF26: 2.5 | AG26: 600 | AI26: 2.5 | AJ26: 2000 | AK26: 3 | AL26: 2.5 | AM26: 600 | AN26: =AL26*1500 -> 3750 | AO26: =AM26 -> 600 | AP26: =AO26+AN26 -> 4350 | AZ26: 生命恢复 | BA26: 新增技能生命回复,可以立即回复自身20%生命,15秒冷却时间 | BT26: Binggong_Atk_W(Clone) | BV26: 50_RFX_Tonado_Elect | BX26: 35 | BY26: 眩晕射击 | BZ26: 对目标矩形范围内的敌人造成伤害并进行眩晕 | CG26: Eff_Skill_BaoZha_47 | CN26: 10051 | CP26: 52级 | CQ26: 天赋1 | CR26: 攻击之力 | CS26: 每次攻击目标会有一定概率使其所有防御降低为0,持续5秒
K27: 缺点 | N27: 附加新技能 | S27: 2 | T27: 破防一击 | U27: 攻击有一定概率完全忽视目标全部防御 | AE27: =AF27-AF26 -> 0 | AF27: 2.5 | AG27: 1000 | AI27: 2.5 | AJ27: 2500 | AK27: 3 | AL27: 2.5 | AM27: 1000 | AN27: =AL27*1500 -> 3750 | AO27: =AM27 -> 1000 | AP27: =AO27+AN27 -> 4750 | AR27: 治愈之术 | AS27: 立即对自己和目标恢复相当于自身攻击50%的生命值,如果目标是敌方单位,则造成100%伤害 | AZ27: 强击 | BA27: 新增强击技能,立即对目标造成200%伤害 | BU27: BlindBase(Clone) 蓄力 | BX27: 40 | BY27: 蓄力一击 | BZ27: 蓄力对目标造成大量伤害 | CG27: Eff_Skill_ChiXu_16 | CJ27: Eff_Skill_ChiXu_16_XuLi | CN27: 10052 | CQ27: 天赋2 | CR27: 爆炸射击 | CS27: 对目标发射散射攻击,散射攻击目标命中目标后会对附近单位造成200%范围伤害
B28: 魔神武士 | D28: 20 | F28: 能量吸附 | G28: 能把附近的怪物吸附到自身的脚下,并立即在脚下释放一个范围性技能,造成200%伤害 | K28: 缺少对团队之间的技能加成 | N28: 增强某个技能的伤害和持续时间,新增自己释放和目标释放的buff | S28: 3 | AE28: =AF28-AF27 -> 0 | AF28: 2.5 | AG28: 1500 | AI28: 2.5 | AJ28: 3000 | AK28: 3 | AL28: 2.5 | AM28: 1500 | AN28: =AL28*1500 -> 3750 | AO28: =AM28 -> 1500 | AP28: =AO28+AN28 -> 5250 | AZ28: 伤害上升 | BA28: 裂地击和裂波击伤害提升50% | BS28: E3D-Skill-Continuous-Orange-Once(Clone) | BV28: E3D-Strong-Distort-Spread-Blue(Clone) | BX28: 50 | BY28: 剑雨 | BZ28: 对目标区域造成持续性伤害,物伤加成 | CG28: Eff_Skill_ChiXu_17 | CN28: 10053 | CQ28: 天赋3 | CR28: 多重射击 | CS28: 攻击会对目标及附近的单位同时攻击
D29: 25 | F29: 狂魔状态 | G29: 开启后,每秒损失当前5%血量,伤害提升40%,每次攻击可以吸取目标20%的生命来回复自身的血量 | N29: 增强属性值 | S29: 4 | AE29: =AF29-AF28 -> 0 | AF29: 2.5 | AG29: 2000 | AI29: 2.5 | AJ29: 3500 | AK29: 3 | AL29: 2.5 | AM29: 2000 | AN29: =AL29*1500 -> 3750 | AO29: =AM29 -> 2000 | AP29: =AO29+AN29 -> 5750 | AZ29: 技能刷新 | BA29: 每次攻击暴击后5%的概率自动触发裂地斩技能,且不影响主技能的冷却时间 | BN29: 近战被动 | BO29: 每次攻击有一定概率触发重击,无视目标防御造成伤害
D30: 30 | F30: 狂魔之球 | G30: 释放出6个法球,持续对周围造成每秒造成100%伤害,持续6秒 | N30: 替换技能 | S30: 5 | AZ30: 进退自由 | BA30: 跳跃斩和冲锋斩会对目标区域内造成3秒眩晕的效果 | BN30: 职业被动 | BV30: E3D-Skill-Continuous-Blue(Clone) | BW30: 觉醒 | BZ30: 向前方发射5波射击阵 | CG30: Eff_Skill_ChiXu_18
D31: 35 | F31: 狂魔之地 | G31: 腐蚀脚下一块土地,在此范围内的目标每秒损失30%伤害,自身伤害提升30%,目标移动速度降低30%,持续10秒 | J31: 伤害评判 | K31: 伤害 | L31: 附带 | N31: 增强某个Buff的属性和持续时间 | S31: 6 | AF31: 有技能效果 | AI31: 有技能效果 | AZ31: 圣光之速 | BA31: 圣光之速,提升自身移动速度200%,持续6秒
D32: 被动 | F32: 职业专属被动 | G32: 闪避目标攻击后,有3%概率召唤出一个法球围绕自己飞行,法球会对碰撞的单位造成20%的伤害,每个法球持续6秒 | I32: =K32/5*2 -> 60 | J32: 1 | K32: 150 | L32: 200 | S32: 7 | AF32: 2 | AG32: 210 | AI32: 2 | AJ32: 1050 | AL32: 2 | AM32: =AM24*0.7 -> 210 | AO32: 2136 | AP32: 836 | AQ32: =AO32-AP32 -> 1300 | AZ32: 暴击上升 | BA32: 暴击概率永久提升5% | BN32: 通用多余技能 | BW32: 被动
F33: 职业光环 | G33: 附近友方玩家攻击提升100点 | I33: =K33/5*2 -> 70 | J33: 2 | K33: 175 | L33: 280 | N33: 狂战士,血量越低,伤害越高,增加基础回血技能 | Q33: 15平方 | S33: 8 | AE33: =AF33-AF32 -> 0 | AF33: 2 | AG33: 210 | AI33: 2 | AJ33: 1050 | AL33: 2 | AM33: =AM25*0.7 -> 210 | AQ33: =AQ32*2.25 -> 2925 | AR33: =AQ33*0.3 -> 877.5 | AZ33: 职业专精 | BA33: 职业专属被动技能效果提升至5% | BN33: 沉睡效果 | BO33: 沉睡过程中无法使用技能无法移动,但是被任意伤害攻击则会苏醒 | BY33: 职业光环 | BZ33: 重击概率提升5% | CG33: E3D-Skill-Blast-Blue(Clone)
I34: =K34/5*2 -> 80 | J34: 3 | K34: 200 | L34: 360 | S34: 9 | AE34: =AF34-AF33 -> 0 | AF34: 2 | AG34: 420 | AI34: 2 | AJ34: 1400 | AK34: =AJ34-AJ33 -> 350 | AL34: 2 | AM34: =AM26*0.7 -> 420 | AZ34: 技能专精 | BA34: 元素护盾: 护盾效果提升50% 光能斩:伤害提升50% 能量吸附:伤害提升50% | BZ34: 攻击有10%概率降低眩晕目标1秒
I35: =K35/5*2 -> 90 | J35: 4 | K35: 225 | L35: 420 | S35: 10 | AE35: =AF35-AF34 -> 0 | AF35: 2 | AG35: 700 | AI35: 2 | AJ35: 1750 | AK35: =AJ35-AJ34 -> 350 | AL35: 2 | AM35: =AM27*0.7 -> 700 | AZ35: 防御之盾 | BA35: 每20秒自动自身释放一个护盾,护盾可以抵抗50%伤害,持续20秒
I36: =K36/5*2 -> 100 | J36: 5 | K36: 250 | L36: 500 | AE36: =AF36-AF35 -> 0 | AF36: 2 | AG36: 1050 | AI36: 2 | AJ36: 2100 | AK36: =AJ36-AJ35 -> 350 | AL36: 2 | AM36: =AM28*0.7 -> 1050 | AZ36: 猛击 | BA36: 新增技能：猛击 立即对目标造成300%伤害,如果目标血量低于30%,伤害提升50%
F37: 饰品技能 | AE37: =AF37-AF36 -> 0 | AF37: 2 | AG37: 1400 | AI37: 2 | AJ37: 2450 | AK37: =AJ37-AJ36 -> 350 | AL37: 2 | AM37: =AM29*0.7 -> 1400 | AZ37: 技能升阶 | BA37: 元素光球:对触碰到的玩家移动速度降低50% 光剑攻击:持续时间延长至10秒 狂魔状态:伤害提升至60% | BW37: 重甲 | BY37: 驯兽师 | CO37: 熊 | CP37: 1 | CQ37: 嘲讽
D38: 14080001 | E38: 治愈之秋 | F38: 治愈 | G38: 恢复己方自身生命10%+1000点生命值 | J38: 效果 | AZ38: 攻击恢复 | BA38: 普通攻击有3%概率回复自身最大生命的1% | BV38: 54_RFX_TinkerbellLight1 / 53_RFX_TinkerbellLight1 | BX38: 30 | BY38: 野兽爆发 | BZ38: 恢复召唤的野兽30%生命值,且自身和宝宝同时攻击速度和伤害提升50%,持续10秒 | CG38: Eff_Skill_BaoZha_48 | CP38: 2 | CQ38: 嘲讽 | CR38: 重殴(附带群体伤害)
D39: 14080002 | E39: 森之精灵 | G39: 对目标区域每秒造成100%伤害,持续9秒 | J39: 1 | K39: 120 | L39: 100 | AZ39: 生命护盾 | BA39: 当生命低于30%时,自动获得一个护盾,可以抵抗相当于自身100%生命的伤害,30秒冷却时间 | BS39: Zhaosange_defender_Q_1(Clone) | BU39: visionBuff(Clone) | BX39: 35 | BY39: 狩猎标记 | BZ39: 对标记的目标,使其受到的伤害额外提升20%,并使野兽会持续性的攻击目标 | CG39: Eff_Skill_ShouLie | CI39: Eff_Skill_ShouLieChiXu | CP39: 3 | CQ39: 嘲讽 | CS39: 重击(附带概率眩晕)
D40: 14080003 | E40: 疾风之灵 | G40: 移动速度提升50%,持续12秒 | J40: 2 | K40: 140 | L40: 150 | AZ40: 职业专精 | BA40: 元素烈波: 触碰到的目标移动速度降低50%,持续6秒 光之能量:伤害范围增加,伤害提升至75% 狂魔之球:伤害提升至125% | BN40: 目前给与近战猎人的定位就是攻击会回血,或者用于逃跑给目标套一层buff？ | BX40: 40 | BY40: 野兽灼烧 | BZ40: 让野兽和自身出发灼烧,对附近单位造成伤害 | CG40: Tanglang_Atk_E(Clone) | CI40: Tanxianjia_Atk_E | CP40: 4 | CQ40: 嘲讽 | CT40: 恢复,每隔一段时间恢复自身生命
D41: 15208001 | E41: 荒漠灵饰 | G41: 提审自身20%伤害,持续12秒 | J41: 3 | K41: 160 | L41: 200 | AZ41: 最后希望 | BA41: 在生命值低于5%时,立即回复自身20%最大生命,120秒冷却时间 | BN41: 猎人有一个宠物攻击的按钮,选中目标可以让宠物攻击 | BX41: 50 | BY41: 野兽呼唤 | BZ41: 召唤出一只猎鹰协助自己战斗 | CP41: 5 | CQ41: 嘲讽 | CU41: 燃烧
D42: 15208002 | E42: 幽光之灵 | F42: 群体恢复 | G42: 群体恢复最大生命10% | J42: 4 | K42: 180 | L42: 250 | AZ42: 爆裂轰炸 | BA42: 新增技能：爆裂轰炸 对自身范围内每秒持续造成100%伤害,持续6秒 | BO42: 近战猎人攻击附带吸血 | CH42: Tanxianjia_Atk_E(Clone)
D43: 15308001 | E43: 魔影之柱 | G43: 提升自己伤害减免30%,持续10秒 | J43: 5 | K43: 200 | L43: 300 | AZ43: 职业升阶 | BA43: 元素爆裂：技能的伤害范围增加,伤害提升至400%伤害 光之斩:技能伤害增加至400%,眩晕增加至3秒 狂魔之地:效果提升至50% | BN43: 猎人武器可不可以一直背在背后？ | BW43: 觉醒 | BX43: Mon_Zibaojiqiren_Atk_Q(Clone) | BY43: 驯兽小队 | BZ43: 召唤一堆野兽协助自己战斗
D44: 15308002 | E44: 灰烬之灵 | G44: 立即对当前目标造成250%伤害
D45: 15408001 | E45: 幻魔之球 | G45: 对目标群体立即造成150%伤害 | BW45: 被动 | CO45: 鸟 | CP45: 1 | CQ45: 远程攻击
D46: 15408002 | E46: 幻影之灵 | G46: 对目标群体立即造成150% 伤害,并使其减速20%,持续6秒 | BY46: 野兽呼唤 | BZ46: 替换召唤的野兽,使其具有更强大的能力 | CP46: 2 | CQ46: 远程攻击 | CR46: 闪电链
D47: 15508001 | E47: 光明之镜 | F47: 治愈 | G47: 恢复己方自身生命15% | BY47: 职业光环 | BZ47: 己方宠物和召唤兽造成伤害提升5% | CP47: 3 | CQ47: 远程攻击 | CS47: 前方喷吐
D48: 15508002 | E48: 圣灵之灵 | G48: 对前方区域造成175%伤害 | BN48: 隐身 | BO48: 敌人无法看见 | CP48: 4 | CQ48: 远程攻击 | CT48: 忽视目标防御
CP49: 5 | CQ49: 远程攻击 | CU49: 强击光环 10%远程攻击
BN50: 天赋 | BY50: 新职业技能建议
B51: Eff_Skill_ChiXu_5 | C51: 持续范围 | D51: E3D-Absorb-Loop-Blue(Clone) | G51: E3D-Skill-Continuous-Violet1 | BN51: 猎人印记 | BO51: 普通攻击会给目标附加猎人印记,猎人印记对目标造成伤害额外提升10%
B52: Eff_Skill_QunLiao_1 | C52: 群疗 | D52: E3D-Skill-Blast-Green | BN52: 射击专精 | BO52: 你的攻击距离延长2米 | BY52: 武者可带拳套1技能八极崩对自身周围造成伤害并晕眩一秒2技能直冲拳，对直线距离敌人造成伤害3技能瞬身位移一大段距离，并使下次攻击必定暴击或者手环转职御气师手环专精（远程全力）视野拉远一点普攻距离远一点不然普攻没啥用:职业专精气功大师:普通攻击无视10%防御。
B53: Eff_Skill_QunLiao | C53: 单疗 | D53: Healing | BN53: 伪装 | BO53: 转移自身仇恨 | BY53: 大师光环，增加百分50%攻击速度
B54: Eff_Skill_BaoZha_25 | C54: 单次群范围 | D54: Ground explosion | F54: Lightning bolt(Clone) | BY54: 1技能震荡波:对前方发射一道拳印造成伤害和击退效果
B55: Eff_Skill_XuanFeng | C55: 前范围 | D55: E3D-Ballistic-Continuous-Blue1 | BO55: 猎人守护技能4种守护只能切一种 | BY55: 2技能年轻人好之为之:范围内双方不能使用技能。
D56: E3D-Skill-Continuous-Orange1 | BN56: 实现恐惧效果 | BY56: 3技能:气功波，对前方发射5枚光波每枚60%普攻伤害命中敌人解除4技能限制（此技能为普攻可在2技能范围内释放）
B57: Eff_Skill_HeYao | C57: 喝药剂 | D57: Magic ray | E57: SwordAOE | BN57: 刃甲技能？ | BY57: 4技能:孤注一掷:对目标敌人发射巨型气功波造成10倍普攻伤害，并击溃敌方筋脉使敌方每秒持续掉20%普攻伤害血量，持续6秒。
BN58: 活体炸弹技能 | CP58: 210
B59: Eff_Buff_JiaSu_1 | C59: 加速Buff | D59: E3D-Buff-Loop-Blue3(Clone) | BM59: 装备效果 | BN59: 每损失10%生命额外附加5%魔法抗性 | BY59: 武者带手环（远程）1技能气旋击对前方发射光波命中禁锢敌人3秒2技能回天牵引周围敌人造成伤害3技能同上 | CP59: 420 | CQ59: =CP59-CP58 -> 210
CP60: 700 | CQ60: =CP60-CP59 -> 280
D61: Eff_Buff_ShiXue | CP61: 1050 | CQ61: =CP61-CP60 -> 350
A62: 群聊 | B62: 15_RFX_Magic_Buff2 | D62: 加速 | E62: Eff_Buff_JiaSu_1 | CP62: 1400 | CQ62: =CP62-CP61 -> 350
D63: 减速 | E63: Eff_Buff_JianSu_1 | CA63: 吟唱0.5秒,召唤一只强力的战熊协助自己进行攻击,分身继承自身80%属性,附加嘲讽技能
A64: 持续性回血 | B64: Common_Buff_huixue | D64: 攻击上升 | E64: Eff_Buff_Act_Add_1 | G64: Eff_Buff_AddAct_2(圈) | BR64: Mon_Zibaojiqiren_Atk_Q(Clone) | BY64: 3 | CA64: 吟唱0.5秒,召唤一只强力的战熊协助自己进行攻击,分身继承自身80%属性,附加嘲讽技能 | CK64: 27506 | CP64: 750 | CR64: =CP64 -> 750 | CS64: =CR64/2 -> 375 | CT64: 1.75 | CV64: =CR64*1.2 -> 900 | CX64: =CV64*2 -> 1800 | CY64: 500 | CZ64: 500
D65: 攻击降低 | E65: Eff_Buff_Act_Cost_1 | BN65: 20秒变身一次 | CA65: 吟唱0.5秒,召唤一只强力的战熊协助自己进行攻击,分身继承自身90%属性,附加嘲讽、重殴技能 | CK65: 3500 | CL65: =CK65*2.5 -> 8750 | CM65: 500 | CN65: =CM65+CL65 -> 9250 | CP65: 1250 | CQ65: 750 | CR65: =CQ65+CP64 -> 1500 | CS65: =CR65/2 -> 750 | CT65: 2 | CV65: =CR65*1.2 -> 1800 | CW65: =CV65-CV64 -> 900 | CX65: =CV65*2 -> 3600 | CY65: 300 | CZ65: =CZ64+CY65 -> 800
D66: 防御上升 | E66: Eff_Buff_Def_Add_1 | G66: Common_Buff_fangyu | CA66: 吟唱0.5秒,召唤一只强力的战熊协助自己进行攻击,分身继承自身100%属性,附加嘲讽、重殴、重击技能 | CK66: 3500 | CL66: =CK66*2 -> 7000 | CM66: 2000 | CN66: =CM66+CL66 -> 9000 | CP66: 1750 | CQ66: 750 | CR66: =CQ66+CR65 -> 2250 | CS66: =CR66/2 -> 1125 | CT66: 2.25 | CV66: 2800 | CW66: =CV66-CV65 -> 1000 | CX66: =CV66*2 -> 5600 | CY66: 350 | CZ66: =CZ65+CY66 -> 1150
D67: 防御降低 | E67: Eff_Buff_Def_Cost_1 | F67: Niutouren_Atk_W_Buff_End | G67: Daofeng_Atk_Q_DeBuff | BN67: 移动速度 | BQ67: 移动速度 | BR67: 技能冷却时间 | BS67: 技能 | CA67: 吟唱0.5秒,召唤一只强力的战熊协助自己进行攻击,分身继承自身110%属性,附加嘲讽、重殴、重击、生命技能 | CP67: 2250 | CQ67: 1000 | CR67: =CQ67+CR66 -> 3250 | CS67: =CR67/2 -> 1625 | CT67: 2.5 | CV67: 4000 | CW67: =CV67-CV66 -> 1200 | CX67: =CV67*2 -> 8000 | CY67: 400 | CZ67: =CZ66+CY67 -> 1550
BN68: 1 | BO68: 小虎 | BQ68: 6 | BR68: 7 | BS68: 怒吼 | BT68: 对附近单位造成50%的减速效果 | CA68: 吟唱0.5秒,召唤一只强力的战熊协助自己进行攻击,分身继承自身120%属性,附加嘲讽、重殴、重击、生命、燃烧技能 | CP68: 2750 | CQ68: 1000 | CR68: =CQ68+CR67 -> 4250 | CS68: =CR68/2 -> 2125 | CT68: 2.75 | CV68: 5200 | CW68: =CV68-CV67 -> 1200 | CX68: =CV68*2 -> 10400 | CY68: 500 | CZ68: =CZ67+CY68 -> 2050
BN69: 2 | BO69: 鳄鱼先生 | BQ69: 4 | BR69: 7 | BS69: 甩尾 | BT69: 对前方区域的玩家进行击退
B70: chixu毒替换E3D-Buff-Cure-Green1 | E70: Eff_Buff_2 | BN70: 3 | BO70: 懒龟 | BQ70: 3 | BR70: 7 | BS70: 石化 | BT70: 附近单位进行眩晕5秒
BN71: 4 | BO71: 大力星星 | BQ71: 5 | BR71: 7 | BS71: 击退 | BT71: 周围的敌人进行击退 | CR71: 1000 | CT71: 1.75
BN72: 5 | BO72: 贪吃松鼠 | BQ72: 5 | BR72: 7 | BS72: 投掷松果 | BT72: 对目标区域进行投掷陷阱,对触碰的玩家造成3秒眩晕 | CQ72: 500 | CR72: =CQ72+CR71 -> 1500 | CT72: 2
BN73: 6 | BO73: 爱心蜗牛 | BQ73: 3 | BR73: 7 | BS73: 别跑太远 | BT73: 将一个目标强制拉回到你的身边 | CQ73: 500 | CR73: =CQ73+CR72 -> 2000 | CT73: 2.25
BN74: 7 | BO74: 蛙蛙 | BQ74: 4 | BR74: 7 | BS74: 跳跃 | BT74: 向前方进行跳跃 | CC74: 0.25 | CQ74: 750 | CR74: =CQ74+CR73 -> 2750 | CT74: 2.5
CQ75: 750 | CR75: =CQ75+CR74 -> 3500 | CT75: 2.75
CC76: 0.1
CC77: 2.5
BN79: 炸弹 | BO79: Mon_Zhadankongzei_Atk_Attack(Clone)
BN80: 冲锋? | BO80: Guanghui_Atk_W(Clone) | CP80: 1.75 | CQ80: 750
BN81: 眩晕 | BO81: Binggong_Atk_W_DeBuff_xuanyun(Clone) | CP81: 1.75 | CQ81: 750
BN82: 猎人觉醒预留 | BO82: Mon_Juquanjiqiren_Atk_Q(Clone) | CP82: 2 | CQ82: 1500
BO83: Mon_Shuangdaokongzei_Atk_Q(Clone) | CP83: 2.25 | CQ83: 2250
CP84: 2.5 | CQ84: 3250
BN85: E3D-Buff-Loop-Blue(Clone)+ chixu16 | CP85: 2.75 | CQ85: 4250
BN86: E3D-Ballistic-Continuous-Violet1 第一个射击技能优化
BN87: E3D-Spell-Blast-Violet2(Clone) | BP87: 召唤特效
BN89: E3D-Skill-Continuous-Orange1(Clone) | BQ89: 大招

Sheet 赛季
Q1: 每周任务 | R1: 每周怪物
B2: 6 命中 命中敌人概率提升 7 闪避 躲闪目标概率提升 8 各职业武器加成 9 一级属性 10 | Q2: =10*AC5 -> 300 | R2: =30*3*7 -> 630
B3: 野外遇到宠物或精灵的概率 | K3: 30 | O3: 大致规则
L4: 周任务 | M4: 人生任务 | O4: 每次击败40级以上领主怪物涨1-5点 | Q4: 赛季经验 | R4: 当前经验 | S4: 对应BOSS | T4: 当前天数 | U4: 累计天数 | V4: 当前BOSS经验 | W4: 主线任务数量 | X4: 单个主线任务 | Y4: 主线任务递增系数 | Z4: 当前主线任务经验 | AA4: 当前周数 | AB4: 每周任务数量 | AC4: 每周单个任务经验 | AD4: 每周任务经验 | AE4: 任务怪物比 | AH4: 奖励 | AW4: 爆率提升
H5: 每天打BOSS | K5: 单独任务 | L5: 基础任务(5个) | M5: 称号数量达到N个 | O5: 完成任务涨 | P5: 200 | Q5: 1 | R5: =ROUND(V5+Z5+AD5,-1) -> 60 | S5: 10 | T5: =S5/30 -> 0.33333333 | U5: =SUM($T$5:T5) -> 0.33333333 | V5: =S5*3 -> 30 | W5: 1.2 | X5: 150 | Y5: 0.1 | Z5: =X5*W5*Y5 -> 18 | AA5: =T5/7 -> 0.047619048 | AB5: 10 | AC5: 30 | AD5: =AC5*AB5*AA5 -> 14.285714 | AE5: =(AD5+Z5)/V5 -> 1.0761905 | AF5: 1 | AG5: 1 | AH5: 金币 | AI5: 120000 | AJ5: 10000159 | AK5: 赛季货币 | AL5: =AO5 -> 20 | AM5: 10010083 | AN5: 洗练石 | AO5: 20 | AP5: 10000143 | AQ5: 灿烂的结晶 | AR5: 5 | AS5: 10000158 | AT5: 封印之塔挑战凭证 | AU5: 2 | AW5: 0.5 | AY5: =AG5&";"&AI5&"@"&AJ5&";"&AL5&"@"&AM5&";"&AO5&"@"&AP5&";"&AR5&"@"&AS5&";"&AU5 -> 1;120000@10000159;20@10010083;20@10000143;5@10000158;2
B6: 奖励类 | J6: 1 | K6: 挑战有一次深渊类型的副本 | L6: 在野外地区击败10名玩家 | M6: 精灵数量达到N个 | P6: =R6+130 -> 250 | Q6: 2 | R6: =ROUND(V6+Z6+AD6,-1) -> 120 | S6: =S5+10 -> 20 | T6: =S6/30 -> 0.66666667 | U6: =SUM($T$5:T6) -> 1 | V6: =S6*3 -> 60 | W6: 1.2 | X6: 150 | Y6: =Y5+0.1 -> 0.2 | Z6: =X6*W6*Y6 -> 36 | AA6: =T6/7 -> 0.095238095 | AB6: 10 | AC6: 30 | AD6: =AC6*AB6*AA6 -> 28.571429 | AE6: =(AD6+Z6)/V6 -> 1.0761905 | AF6: 2 | AG6: 1 | AH6: 金币 | AI6: =AI5+20000 -> 140000 | AJ6: 10000159 | AK6: 赛季货币 | AL6: =AO6 -> 20 | AM6: 10010083 | AN6: 洗练石 | AO6: 20 | AP6: 10000143 | AQ6: 灿烂的结晶 | AR6: 5 | AS6: 10000158 | AT6: 封印之塔挑战凭证 | AU6: 2 | AW6: 1 | AY6: =AG6&";"&AI6&"@"&AJ6&";"&AL6&"@"&AM6&";"&AO6&"@"&AP6&";"&AR6&"@"&AS6&";"&AU6 -> 1;140000@10000159;20@10010083;20@10000143;5@10000158;2
A7: 奖励晶核: | B7: 贪婪 | C7: 通过击败怪物获得的金币提升5%。 | D7: =A7&B7 -> 奖励晶核:贪婪 | J7: 2 | K7: 打造一件传承的装备 | L7: 开启藏宝图10次 | M7: 坐骑数量达到N个 | P7: =R7+130 -> 320 | Q7: 3 | R7: =ROUND(V7+Z7+AD7,-1) -> 190 | S7: =S6+10 -> 30 | T7: =S7/30 -> 1 | U7: =SUM($T$5:T7) -> 2 | V7: =S7*3 -> 90 | W7: 1.2 | X7: 150 | Y7: =Y6+0.1 -> 0.3 | Z7: =X7*W7*Y7 -> 54 | AA7: =T7/7 -> 0.14285714 | AB7: 10 | AC7: 30 | AD7: =AC7*AB7*AA7 -> 42.857143 | AE7: =(AD7+Z7)/V7 -> 1.0761905 | AF7: 3 | AG7: 1 | AH7: 金币 | AI7: =AI6+20000 -> 160000 | AJ7: 10000159 | AK7: 赛季货币 | AL7: =AO7 -> 20 | AM7: 10010083 | AN7: 洗练石 | AO7: 20 | AP7: 10000143 | AQ7: 灿烂的结晶 | AR7: 5 | AS7: 10000158 | AT7: 封印之塔挑战凭证 | AU7: 2 | AW7: 1.5 | AY7: =AG7&";"&AI7&"@"&AJ7&";"&AL7&"@"&AM7&";"&AO7&"@"&AP7&";"&AR7&"@"&AS7&";"&AU7 -> 1;160000@10000159;20@10010083;20@10000143;5@10000158;2
A8: 奖励晶核: | B8: 爆率 | C8: 通过击败怪物获得的掉落奖励额外提升5%。 | D8: =A8&B8 -> 奖励晶核:爆率 | J8: 3 | K8: 合成1只战力达到8000点的宠物 | L8: 开启2次高级藏宝图 | M8: 宠物皮肤激活数量达到N个 | P8: =R8+130 -> 380 | Q8: 4 | R8: =ROUND(V8+Z8+AD8,-1) -> 250 | S8: =S7+10 -> 40 | T8: =S8/30 -> 1.3333333 | U8: =SUM($T$5:T8) -> 3.3333333 | V8: =S8*3 -> 120 | W8: 1.2 | X8: 150 | Y8: =Y7+0.1 -> 0.4 | Z8: =X8*W8*Y8 -> 72 | AA8: =T8/7 -> 0.19047619 | AB8: 10 | AC8: 30 | AD8: =AC8*AB8*AA8 -> 57.142857 | AE8: =(AD8+Z8)/V8 -> 1.0761905 | AF8: 4 | AG8: 1 | AH8: 金币 | AI8: =AI7+20000 -> 180000 | AJ8: 10000159 | AK8: 赛季货币 | AL8: =AO8 -> 20 | AM8: 10010083 | AN8: 洗练石 | AO8: 20 | AP8: 10000143 | AQ8: 灿烂的结晶 | AR8: 5 | AS8: 10000158 | AT8: 封印之塔挑战凭证 | AU8: 2 | AW8: 2 | AY8: =AG8&";"&AI8&"@"&AJ8&";"&AL8&"@"&AM8&";"&AO8&"@"&AP8&";"&AR8&"@"&AS8&";"&AU8 -> 1;180000@10000159;20@10010083;20@10000143;5@10000158;2
A9: 奖励晶核: | B9: 经验 | C9: 通过击败怪物获得的经验提升5% | D9: =A9&B9 -> 奖励晶核:经验 | J9: 4 | K9: 洗炼装备30次 | L9: 击败10个地狱级领主怪物 | M9: 战力达到N点 | P9: =R9+130 -> 440 | Q9: 5 | R9: =ROUND(V9+Z9+AD9,-1) -> 310 | S9: =S8+10 -> 50 | T9: =S9/30 -> 1.6666667 | U9: =SUM($T$5:T9) -> 5 | V9: =S9*3 -> 150 | W9: 1.2 | X9: 150 | Y9: =Y8+0.1 -> 0.5 | Z9: =X9*W9*Y9 -> 90 | AA9: =T9/7 -> 0.23809524 | AB9: 10 | AC9: 30 | AD9: =AC9*AB9*AA9 -> 71.428571 | AE9: =(AD9+Z9)/V9 -> 1.0761905 | AF9: 5 | AG9: 1 | AH9: 金币 | AI9: =AI8+20000 -> 200000 | AJ9: 10000159 | AK9: 赛季货币 | AL9: =AO9 -> 20 | AM9: 10010083 | AN9: 洗练石 | AO9: 20 | AP9: 10000143 | AQ9: 灿烂的结晶 | AR9: 5 | AS9: 10000158 | AT9: 封印之塔挑战凭证 | AU9: 3 | AW9: 2.5 | AY9: =AG9&";"&AI9&"@"&AJ9&";"&AL9&"@"&AM9&";"&AO9&"@"&AP9&";"&AR9&"@"&AS9&";"&AU9 -> 1;200000@10000159;20@10010083;20@10000143;5@10000158;3
J10: 5 | K10: 鉴定出一个3条属性的装备 | L10: 封印之塔挑战10次 | P10: =R10+130 -> 500 | Q10: 6 | R10: =ROUND(V10+Z10+AD10,-1) -> 370 | S10: =S9+10 -> 60 | T10: =S10/30 -> 2 | U10: =SUM($T$5:T10) -> 7 | V10: =S10*3 -> 180 | W10: 1.2 | X10: 150 | Y10: =Y9+0.1 -> 0.6 | Z10: =X10*W10*Y10 -> 108 | AA10: =T10/7 -> 0.28571429 | AB10: 10 | AC10: 30 | AD10: =AC10*AB10*AA10 -> 85.714286 | AE10: =(AD10+Z10)/V10 -> 1.0761905 | AF10: 6 | AG10: 1 | AH10: 金币 | AI10: =AI9+20000 -> 220000 | AJ10: 10000159 | AK10: 赛季货币 | AL10: =AO10 -> 25 | AM10: 10010083 | AN10: 洗练石 | AO10: =AO5+5 -> 25 | AP10: 10000143 | AQ10: 灿烂的结晶 | AR10: 5 | AS10: 10000158 | AT10: 封印之塔挑战凭证 | AU10: 3 | AW10: 3 | AY10: =AG10&";"&AI10&"@"&AJ10&";"&AL10&"@"&AM10&";"&AO10&"@"&AP10&";"&AR10&"@"&AS10&";"&AU10 -> 1;220000@10000159;25@10010083;25@10000143;5@10000158;3
B11: 属性类 | G11: 消费10000金币 | J11: 6 | K11: 击败3000只怪物 | L11: 获得3只全新的宠物 | P11: =R11+130 -> 570 | Q11: 7 | R11: =ROUND(V11+Z11+AD11,-1) -> 440 | S11: =S10+10 -> 70 | T11: =S11/30 -> 2.3333333 | U11: =SUM($T$5:T11) -> 9.3333333 | V11: =S11*3 -> 210 | W11: 1.2 | X11: 150 | Y11: =Y10+0.1 -> 0.7 | Z11: =X11*W11*Y11 -> 126 | AA11: =T11/7 -> 0.33333333 | AB11: 10 | AC11: 30 | AD11: =AC11*AB11*AA11 -> 100 | AE11: =(AD11+Z11)/V11 -> 1.0761905 | AF11: 7 | AG11: 1 | AH11: 金币 | AI11: =AI10+20000 -> 240000 | AJ11: 10000159 | AK11: 赛季货币 | AL11: =AO11 -> 25 | AM11: 10010083 | AN11: 洗练石 | AO11: =AO6+5 -> 25 | AP11: 10000143 | AQ11: 灿烂的结晶 | AR11: 5 | AS11: 10000158 | AT11: 封印之塔挑战凭证 | AU11: 3 | AW11: 3.5 | AY11: =AG11&";"&AI11&"@"&AJ11&";"&AL11&"@"&AM11&";"&AO11&"@"&AP11&";"&AR11&"@"&AS11&";"&AU11 -> 1;240000@10000159;25@10010083;25@10000143;5@10000158;3
A12: 属性晶核: | B12: 召唤 | C12: 召唤的宠物属性上升5%点 | D12: =A12&B12 -> 属性晶核:召唤 | J12: 7 | K12: 获得5只全新的宠物 | L12: 使用附魔道具给自己的装备附魔5次 | M12: 宠物合成出新宠物有问题 | P12: =R12+130 -> 630 | Q12: 8 | R12: =ROUND(V12+Z12+AD12,-1) -> 500 | S12: =S11+10 -> 80 | T12: =S12/30 -> 2.6666667 | U12: =SUM($T$5:T12) -> 12 | V12: =S12*3 -> 240 | W12: 1.2 | X12: 150 | Y12: =Y11+0.1 -> 0.8 | Z12: =X12*W12*Y12 -> 144 | AA12: =T12/7 -> 0.38095238 | AB12: 10 | AC12: 30 | AD12: =AC12*AB12*AA12 -> 114.28571 | AE12: =(AD12+Z12)/V12 -> 1.0761905 | AF12: 8 | AG12: 1 | AH12: 金币 | AI12: =AI11+20000 -> 260000 | AJ12: 10000159 | AK12: 赛季货币 | AL12: =AO12 -> 25 | AM12: 10010083 | AN12: 洗练石 | AO12: =AO7+5 -> 25 | AP12: 10000143 | AQ12: 灿烂的结晶 | AR12: 5 | AS12: 10000158 | AT12: 封印之塔挑战凭证 | AU12: 3 | AW12: 4 | AY12: =AG12&";"&AI12&"@"&AJ12&";"&AL12&"@"&AM12&";"&AO12&"@"&AP12&";"&AR12&"@"&AS12&";"&AU12 -> 1;260000@10000159;25@10010083;25@10000143;5@10000158;3
A13: 属性晶核: | B13: 命中 | C13: 命中敌人概率提升5% | D13: =A13&B13 -> 属性晶核:命中 | J13: 8 | K13: 封印之塔挑战20次 | L13: 使用鉴定道具给自己的装备鉴定5次 | P13: =R13+130 -> 690 | Q13: 9 | R13: =ROUND(V13+Z13+AD13,-1) -> 560 | S13: =S12+10 -> 90 | T13: =S13/30 -> 3 | U13: =SUM($T$5:T13) -> 15 | V13: =S13*3 -> 270 | W13: 1.2 | X13: 150 | Y13: =Y12+0.1 -> 0.9 | Z13: =X13*W13*Y13 -> 162 | AA13: =T13/7 -> 0.42857143 | AB13: 10 | AC13: 30 | AD13: =AC13*AB13*AA13 -> 128.57143 | AE13: =(AD13+Z13)/V13 -> 1.0761905 | AF13: 9 | AG13: 1 | AH13: 金币 | AI13: =AI12+20000 -> 280000 | AJ13: 10000159 | AK13: 赛季货币 | AL13: =AO13 -> 25 | AM13: 10010083 | AN13: 洗练石 | AO13: =AO8+5 -> 25 | AP13: 10000143 | AQ13: 灿烂的结晶 | AR13: 5 | AS13: 10000158 | AT13: 封印之塔挑战凭证 | AU13: 3 | AW13: 4.5 | AY13: =AG13&";"&AI13&"@"&AJ13&";"&AL13&"@"&AM13&";"&AO13&"@"&AP13&";"&AR13&"@"&AS13&";"&AU13 -> 1;280000@10000159;25@10010083;25@10000143;5@10000158;3
A14: 属性晶核: | B14: 闪避 | C14: 躲闪目标概率提升5% | D14: =A14&B14 -> 属性晶核:闪避 | J14: 9 | K14: 使用鉴定道具给自己的装备鉴定15次 | L14: 宠物合成5次 | P14: =R14+130 -> 750 | Q14: 10 | R14: =ROUND(V14+Z14+AD14,-1) -> 620 | S14: =S13+10 -> 100 | T14: =S14/30 -> 3.3333333 | U14: =SUM($T$5:T14) -> 18.333333 | V14: =S14*3 -> 300 | W14: 1.2 | X14: 150 | Y14: =Y13+0.1 -> 1 | Z14: =X14*W14*Y14 -> 180 | AA14: =T14/7 -> 0.47619048 | AB14: 10 | AC14: 30 | AD14: =AC14*AB14*AA14 -> 142.85714 | AE14: =(AD14+Z14)/V14 -> 1.0761905 | AF14: 10 | AG14: 1 | AH14: 金币 | AI14: =AI13+20000 -> 300000 | AJ14: 10000159 | AK14: 赛季货币 | AL14: =AO14 -> 25 | AM14: 10010083 | AN14: 洗练石 | AO14: =AO9+5 -> 25 | AP14: 10000143 | AQ14: 灿烂的结晶 | AR14: 10 | AS14: 10000158 | AT14: 封印之塔挑战凭证 | AU14: 4 | AW14: 5 | AY14: =AG14&";"&AI14&"@"&AJ14&";"&AL14&"@"&AM14&";"&AO14&"@"&AP14&";"&AR14&"@"&AS14&";"&AU14 -> 1;300000@10000159;25@10010083;25@10000143;10@10000158;4
A15: 属性晶核: | B15: 抗暴 | C15: 抗暴概率提升5% | D15: =A15&B15 -> 属性晶核:抗暴 | J15: 10 | K15: 在60级副本通关,并使自身的总输出占比大于40% | L15: 合成1只战力达到7000点的宠物 | P15: =R15+130 -> 800 | Q15: 11 | R15: =ROUND(V15+Z15+AD15,-1) -> 670 | S15: =S14+10 -> 110 | T15: =S15/30 -> 3.6666667 | U15: =SUM($T$5:T15) -> 22 | V15: =S15*3 -> 330 | W15: 1.2 | X15: 150 | Y15: 1 | Z15: =X15*W15*Y15 -> 180 | AA15: =T15/7 -> 0.52380952 | AB15: 10 | AC15: 30 | AD15: =AC15*AB15*AA15 -> 157.14286 | AE15: =(AD15+Z15)/V15 -> 1.021645 | AF15: 11 | AG15: 1 | AH15: 金币 | AI15: =AI14+20000 -> 320000 | AJ15: 10000159 | AK15: 赛季货币 | AL15: =AO15 -> 30 | AM15: 10010083 | AN15: 洗练石 | AO15: =AO10+5 -> 30 | AP15: 10000143 | AQ15: 灿烂的结晶 | AR15: 10 | AS15: 10000158 | AT15: 封印之塔挑战凭证 | AU15: 4 | AW15: 5.5 | AY15: =AG15&";"&AI15&"@"&AJ15&";"&AL15&"@"&AM15&";"&AO15&"@"&AP15&";"&AR15&"@"&AS15&";"&AU15 -> 1;320000@10000159;30@10010083;30@10000143;10@10000158;4
A16: 属性晶核: | B16: 暴击 | C16: 暴击概率提升5% | D16: =A16&B16 -> 属性晶核:暴击 | F16: 找到一个X点属性的装备 | J16: 11 | K16: 开启30次普通藏宝图 | L16: 宠物使用宠之晶洗炼达到5次 | P16: =R16+130 -> 840 | Q16: 12 | R16: =ROUND(V16+Z16+AD16,-1) -> 710 | S16: =S15+10 -> 120 | T16: =S16/30 -> 4 | U16: =SUM($T$5:T16) -> 26 | V16: =S16*3 -> 360 | W16: 1.2 | X16: 150 | Y16: 1 | Z16: =X16*W16*Y16 -> 180 | AA16: =T16/7 -> 0.57142857 | AB16: 10 | AC16: 30 | AD16: =AC16*AB16*AA16 -> 171.42857 | AE16: =(AD16+Z16)/V16 -> 0.97619048 | AF16: 12 | AG16: 1 | AH16: 金币 | AI16: =AI15+20000 -> 340000 | AJ16: 10000159 | AK16: 赛季货币 | AL16: =AO16 -> 30 | AM16: 10010083 | AN16: 洗练石 | AO16: =AO11+5 -> 30 | AP16: 10000143 | AQ16: 灿烂的结晶 | AR16: 10 | AS16: 10000158 | AT16: 封印之塔挑战凭证 | AU16: 4 | AW16: 6 | AY16: =AG16&";"&AI16&"@"&AJ16&";"&AL16&"@"&AM16&";"&AO16&"@"&AP16&";"&AR16&"@"&AS16&";"&AU16 -> 1;340000@10000159;30@10010083;30@10000143;10@10000158;4
A17: 属性晶核: | B17: 神佑 | C17: 当自身生命小于0时,有5%概率重生 | D17: =A17&B17 -> 属性晶核:神佑 | J17: 12 | K17: 钻石兑换金币10次 | L17: 宠物天梯战斗获胜次数达到10次 | P17: =R17+130 -> 890 | Q17: 13 | R17: =ROUND(V17+Z17+AD17,-1) -> 760 | S17: =S16+10 -> 130 | T17: =S17/30 -> 4.3333333 | U17: =SUM($T$5:T17) -> 30.333333 | V17: =S17*3 -> 390 | W17: 1.2 | X17: 150 | Y17: 1 | Z17: =X17*W17*Y17 -> 180 | AA17: =T17/7 -> 0.61904762 | AB17: 10 | AC17: 30 | AD17: =AC17*AB17*AA17 -> 185.71429 | AE17: =(AD17+Z17)/V17 -> 0.93772894 | AF17: 13 | AG17: 1 | AH17: 金币 | AI17: =AI16+20000 -> 360000 | AJ17: 10000159 | AK17: 赛季货币 | AL17: =AO17 -> 30 | AM17: 10010083 | AN17: 洗练石 | AO17: =AO12+5 -> 30 | AP17: 10000143 | AQ17: 灿烂的结晶 | AR17: 10 | AS17: 10000158 | AT17: 封印之塔挑战凭证 | AU17: 4 | AW17: 6.5 | AY17: =AG17&";"&AI17&"@"&AJ17&";"&AL17&"@"&AM17&";"&AO17&"@"&AP17&";"&AR17&"@"&AS17&";"&AU17 -> 1;360000@10000159;30@10010083;30@10000143;10@10000158;4
A18: 属性晶核: | B18: 物穿 | C18: 物理穿透5% | D18: =A18&B18 -> 属性晶核:物穿 | J18: 13 | K18: 击败30个领主级怪物 | L18: 装备洗炼达到10次 | P18: =R18+130 -> 930 | Q18: 14 | R18: =ROUND(V18+Z18+AD18,-1) -> 800 | S18: =S17+10 -> 140 | T18: =S18/30 -> 4.6666667 | U18: =SUM($T$5:T18) -> 35 | V18: =S18*3 -> 420 | W18: 1.2 | X18: 150 | Y18: 1 | Z18: =X18*W18*Y18 -> 180 | AA18: =T18/7 -> 0.66666667 | AB18: 10 | AC18: 30 | AD18: =AC18*AB18*AA18 -> 200 | AE18: =(AD18+Z18)/V18 -> 0.9047619 | AF18: 14 | AG18: 1 | AH18: 金币 | AI18: =AI17+20000 -> 380000 | AJ18: 10000159 | AK18: 赛季货币 | AL18: =AO18 -> 30 | AM18: 10010083 | AN18: 洗练石 | AO18: =AO13+5 -> 30 | AP18: 10000143 | AQ18: 灿烂的结晶 | AR18: 10 | AS18: 10000158 | AT18: 封印之塔挑战凭证 | AU18: 4 | AW18: 7 | AY18: =AG18&";"&AI18&"@"&AJ18&";"&AL18&"@"&AM18&";"&AO18&"@"&AP18&";"&AR18&"@"&AS18&";"&AU18 -> 1;380000@10000159;30@10010083;30@10000143;10@10000158;4
A19: 属性晶核: | B19: 魔穿 | C19: 魔法穿透5% | D19: =A19&B19 -> 属性晶核:魔穿 | J19: 14 | K19: 在野外地区击败5名玩家 | L19: 生活技能制造出20个道具 | P19: =R19+130 -> 970 | Q19: 15 | R19: =ROUND(V19+Z19+AD19,-1) -> 840 | S19: =S18+10 -> 150 | T19: =S19/30 -> 5 | U19: =SUM($T$5:T19) -> 40 | V19: =S19*3 -> 450 | W19: 1.2 | X19: 150 | Y19: 1 | Z19: =X19*W19*Y19 -> 180 | AA19: =T19/7 -> 0.71428571 | AB19: 10 | AC19: 30 | AD19: =AC19*AB19*AA19 -> 214.28571 | AE19: =(AD19+Z19)/V19 -> 0.87619048 | AF19: 15 | AG19: 1 | AH19: 金币 | AI19: =AI18+20000 -> 400000 | AJ19: 10000159 | AK19: 赛季货币 | AL19: =AO19 -> 30 | AM19: 10010083 | AN19: 洗练石 | AO19: =AO14+5 -> 30 | AP19: 10000143 | AQ19: 灿烂的结晶 | AR19: 10 | AS19: 10000158 | AT19: 封印之塔挑战凭证 | AU19: 5 | AW19: 7.5 | AY19: =AG19&";"&AI19&"@"&AJ19&";"&AL19&"@"&AM19&";"&AO19&"@"&AP19&";"&AR19&"@"&AS19&";"&AU19 -> 1;400000@10000159;30@10010083;30@10000143;10@10000158;5
A20: 属性晶核: | B20: 时间 | C20: 技能冷却5% | D20: =A20&B20 -> 属性晶核:时间 | J20: 15 | K20: 宠物使用技能书替换自身技能10次 | L20: 成功孵化5次宠物 | P20: =R20+130 -> 1040 | Q20: 16 | R20: =ROUND(V20+Z20+AD20,-1) -> 910 | S20: =S19+15 -> 165 | T20: =S20/30 -> 5.5 | U20: =SUM($T$5:T20) -> 45.5 | V20: =S20*3 -> 495 | W20: 1.2 | X20: 150 | Y20: 1 | Z20: =X20*W20*Y20 -> 180 | AA20: =T20/7 -> 0.78571429 | AB20: 10 | AC20: 30 | AD20: =AC20*AB20*AA20 -> 235.71429 | AE20: =(AD20+Z20)/V20 -> 0.83982684 | AF20: 16 | AG20: 1 | AH20: 金币 | AI20: =AI19+20000 -> 420000 | AJ20: 10000159 | AK20: 赛季货币 | AL20: =AO20 -> 35 | AM20: 10010083 | AN20: 洗练石 | AO20: =AO15+5 -> 35 | AP20: 10000143 | AQ20: 灿烂的结晶 | AR20: 10 | AS20: 10000158 | AT20: 封印之塔挑战凭证 | AU20: 5 | AW20: 8 | AY20: =AG20&";"&AI20&"@"&AJ20&";"&AL20&"@"&AM20&";"&AO20&"@"&AP20&";"&AR20&"@"&AS20&";"&AU20 -> 1;420000@10000159;35@10010083;35@10000143;10@10000158;5
A21: 属性晶核: | B21: 物伤 | C21: 物理伤害减免提升5% | D21: =A21&B21 -> 属性晶核:物伤 | J21: 16 | K21: 使用附魔道具给自己的装备附魔15次 | P21: =R21+130 -> 1130 | Q21: 17 | R21: =ROUND(V21+Z21+AD21,-1) -> 1000 | S21: =S20+15 -> 180 | T21: =S21/30 -> 6 | U21: =SUM($T$5:T21) -> 51.5 | V21: =S21*3 -> 540 | W21: 1.2 | X21: 150 | Y21: 1.1 | Z21: =X21*W21*Y21 -> 198 | AA21: =T21/7 -> 0.85714286 | AB21: 10 | AC21: 30 | AD21: =AC21*AB21*AA21 -> 257.14286 | AE21: =(AD21+Z21)/V21 -> 0.84285714 | AF21: 17 | AG21: 1 | AH21: 金币 | AI21: =AI20+20000 -> 440000 | AJ21: 10000159 | AK21: 赛季货币 | AL21: =AO21 -> 35 | AM21: 10010083 | AN21: 洗练石 | AO21: =AO16+5 -> 35 | AP21: 10000143 | AQ21: 灿烂的结晶 | AR21: 10 | AS21: 10000158 | AT21: 封印之塔挑战凭证 | AU21: 5 | AW21: 8.5 | AY21: =AG21&";"&AI21&"@"&AJ21&";"&AL21&"@"&AM21&";"&AO21&"@"&AP21&";"&AR21&"@"&AS21&";"&AU21 -> 1;440000@10000159;35@10010083;35@10000143;10@10000158;5
A22: 属性晶核: | B22: 魔伤 | C22: 魔法伤害减免提升5% | D22: =A22&B22 -> 属性晶核:魔伤 | H22: 洗炼10次装备 | J22: 17 | K22: 洗练出1个带有隐藏技能的装备 | L22: 挑战任务(3个) | P22: =R22+130 -> 1210 | Q22: 18 | R22: =ROUND(V22+Z22+AD22,-1) -> 1080 | S22: =S21+15 -> 195 | T22: =S22/30 -> 6.5 | U22: =SUM($T$5:T22) -> 58 | V22: =S22*3 -> 585 | W22: 1.2 | X22: 150 | Y22: 1.2 | Z22: =X22*W22*Y22 -> 216 | AA22: =T22/7 -> 0.92857143 | AB22: 10 | AC22: 30 | AD22: =AC22*AB22*AA22 -> 278.57143 | AE22: =(AD22+Z22)/V22 -> 0.84542125 | AF22: 18 | AG22: 1 | AH22: 金币 | AI22: =AI21+20000 -> 460000 | AJ22: 10000159 | AK22: 赛季货币 | AL22: =AO22 -> 35 | AM22: 10010083 | AN22: 洗练石 | AO22: =AO17+5 -> 35 | AP22: 10000143 | AQ22: 灿烂的结晶 | AR22: 10 | AS22: 10000158 | AT22: 封印之塔挑战凭证 | AU22: 5 | AW22: 9 | AY22: =AG22&";"&AI22&"@"&AJ22&";"&AL22&"@"&AM22&";"&AO22&"@"&AP22&";"&AR22&"@"&AS22&";"&AU22 -> 1;460000@10000159;35@10010083;35@10000143;10@10000158;5
A23: 属性晶核: | B23: 普攻 | C23: 普通攻击加成提升5% | D23: =A23&B23 -> 属性晶核:普攻 | H23: 上交一个50级的橙色装备 | J23: 18 | K23: 宠物合成10次 | L23: 挑战5次深渊类型的副本 | P23: =R23+130 -> 1290 | Q23: 19 | R23: =ROUND(V23+Z23+AD23,-1) -> 1160 | S23: =S22+15 -> 210 | T23: =S23/30 -> 7 | U23: =SUM($T$5:T23) -> 65 | V23: =S23*3 -> 630 | W23: 1.2 | X23: 150 | Y23: 1.3 | Z23: =X23*W23*Y23 -> 234 | AA23: =T23/7 -> 1 | AB23: 10 | AC23: 30 | AD23: =AC23*AB23*AA23 -> 300 | AE23: =(AD23+Z23)/V23 -> 0.84761905 | AF23: 19 | AG23: 1 | AH23: 金币 | AI23: =AI22+20000 -> 480000 | AJ23: 10000159 | AK23: 赛季货币 | AL23: =AO23 -> 35 | AM23: 10010083 | AN23: 洗练石 | AO23: =AO18+5 -> 35 | AP23: 10000143 | AQ23: 灿烂的结晶 | AR23: 10 | AS23: 10000158 | AT23: 封印之塔挑战凭证 | AU23: 5 | AW23: 9.5 | AY23: =AG23&";"&AI23&"@"&AJ23&";"&AL23&"@"&AM23&";"&AO23&"@"&AP23&";"&AR23&"@"&AS23&";"&AU23 -> 1;480000@10000159;35@10010083;35@10000143;10@10000158;5
A24: 属性晶核: | B24: 攻击 | C24: 技能攻击加成提升5% | D24: =A24&B24 -> 属性晶核:攻击 | J24: 19 | K24: 合成1只战力达到9000点的宠物 | L24: 宠物合成10次 | P24: =R24+130 -> 1380 | Q24: 20 | R24: =ROUND(V24+Z24+AD24,-1) -> 1250 | S24: =S23+15 -> 225 | T24: =S24/30 -> 7.5 | U24: =SUM($T$5:T24) -> 72.5 | V24: =S24*3 -> 675 | W24: 1.2 | X24: 150 | Y24: 1.4 | Z24: =X24*W24*Y24 -> 252 | AA24: =T24/7 -> 1.0714286 | AB24: 10 | AC24: 30 | AD24: =AC24*AB24*AA24 -> 321.42857 | AE24: =(AD24+Z24)/V24 -> 0.84952381 | AF24: 20 | AG24: 1 | AH24: 金币 | AI24: =AI23+20000 -> 500000 | AJ24: 10000159 | AK24: 赛季货币 | AL24: =AO24 -> 35 | AM24: 10010083 | AN24: 洗练石 | AO24: =AO19+5 -> 35 | AP24: 10000143 | AQ24: 灿烂的结晶 | AR24: 15 | AS24: 10000158 | AT24: 封印之塔挑战凭证 | AU24: 5 | AW24: 10 | AY24: =AG24&";"&AI24&"@"&AJ24&";"&AL24&"@"&AM24&";"&AO24&"@"&AP24&";"&AR24&"@"&AS24&";"&AU24 -> 1;500000@10000159;35@10010083;35@10000143;15@10000158;5
A25: 属性晶核: | B25: 领主伤害 | C25: 受到领主伤害降低5% | D25: =A25&B25 -> 属性晶核:领主伤害 | J25: 20 | K25: 挑战有3次深渊类型的副本 | L25: 合成1只战力达到8000点的宠物 | P25: =R25+130 -> 1460 | Q25: 21 | R25: =ROUND(V25+Z25+AD25,-1) -> 1330 | S25: =S24+15 -> 240 | T25: =S25/30 -> 8 | U25: =SUM($T$5:T25) -> 80.5 | V25: =S25*3 -> 720 | W25: 1.2 | X25: 150 | Y25: 1.5 | Z25: =X25*W25*Y25 -> 270 | AA25: =T25/7 -> 1.1428571 | AB25: 10 | AC25: 30 | AD25: =AC25*AB25*AA25 -> 342.85714 | AE25: =(AD25+Z25)/V25 -> 0.85119048 | AF25: 21 | AG25: 1 | AH25: 金币 | AI25: =AI24+20000 -> 520000 | AJ25: 10000159 | AK25: 赛季货币 | AL25: =AO25 -> 40 | AM25: 10010083 | AN25: 洗练石 | AO25: =AO20+5 -> 40 | AP25: 10000143 | AQ25: 灿烂的结晶 | AR25: 15 | AS25: 10000158 | AT25: 封印之塔挑战凭证 | AU25: 5 | AW25: 10.5 | AY25: =AG25&";"&AI25&"@"&AJ25&";"&AL25&"@"&AM25&";"&AO25&"@"&AP25&";"&AR25&"@"&AS25&";"&AU25 -> 1;520000@10000159;40@10010083;40@10000143;15@10000158;5
A26: 属性晶核: | B26: 领主减伤 | C26: 攻击领主伤害提升5% | D26: =A26&B26 -> 属性晶核:领主减伤 | G26: 在线时间达到X分钟 | J26: 21 | K26: 装备洗炼达到100次 | L26: 使用90点及以上的鉴定符去鉴定2次装备 | P26: =R26+130 -> 1550 | Q26: 22 | R26: =ROUND(V26+Z26+AD26,-1) -> 1420 | S26: =S25+15 -> 255 | T26: =S26/30 -> 8.5 | U26: =SUM($T$5:T26) -> 89 | V26: =S26*3 -> 765 | W26: 1.2 | X26: 150 | Y26: 1.6 | Z26: =X26*W26*Y26 -> 288 | AA26: =T26/7 -> 1.2142857 | AB26: 10 | AC26: 30 | AD26: =AC26*AB26*AA26 -> 364.28571 | AE26: =(AD26+Z26)/V26 -> 0.85266106 | AF26: 22 | AG26: 1 | AH26: 金币 | AI26: =AI25+20000 -> 540000 | AJ26: 10000159 | AK26: 赛季货币 | AL26: =AO26 -> 40 | AM26: 10010083 | AN26: 洗练石 | AO26: =AO21+5 -> 40 | AP26: 10000143 | AQ26: 灿烂的结晶 | AR26: 15 | AS26: 10000158 | AT26: 封印之塔挑战凭证 | AU26: 5 | AW26: 11 | AY26: =AG26&";"&AI26&"@"&AJ26&";"&AL26&"@"&AM26&";"&AO26&"@"&AP26&";"&AR26&"@"&AS26&";"&AU26 -> 1;540000@10000159;40@10010083;40@10000143;15@10000158;5
A27: 属性晶核: | B27: 抵抗 | C27: 抵抗负面属性概率5% | D27: =A27&B27 -> 属性晶核:抵抗 | J27: 22 | K27: 上交30个炙热印记 | L27: 钻石兑换金币5次 | P27: =R27+130 -> 1630 | Q27: 23 | R27: =ROUND(V27+Z27+AD27,-1) -> 1500 | S27: =S26+15 -> 270 | T27: =S27/30 -> 9 | U27: =SUM($T$5:T27) -> 98 | V27: =S27*3 -> 810 | W27: 1.2 | X27: 150 | Y27: 1.7 | Z27: =X27*W27*Y27 -> 306 | AA27: =T27/7 -> 1.2857143 | AB27: 10 | AC27: 30 | AD27: =AC27*AB27*AA27 -> 385.71429 | AE27: =(AD27+Z27)/V27 -> 0.85396825 | AF27: 23 | AG27: 1 | AH27: 金币 | AI27: =AI26+20000 -> 560000 | AJ27: 10000159 | AK27: 赛季货币 | AL27: =AO27 -> 40 | AM27: 10010083 | AN27: 洗练石 | AO27: =AO22+5 -> 40 | AP27: 10000143 | AQ27: 灿烂的结晶 | AR27: 15 | AS27: 10000158 | AT27: 封印之塔挑战凭证 | AU27: 5 | AW27: 11.5 | AY27: =AG27&";"&AI27&"@"&AJ27&";"&AL27&"@"&AM27&";"&AO27&"@"&AP27&";"&AR27&"@"&AS27&";"&AU27 -> 1;560000@10000159;40@10010083;40@10000143;15@10000158;5
A28: 属性晶核: | B28: 移动 | C28: 移动速度提升5% | D28: =A28&B28 -> 属性晶核:移动 | J28: 23 | K28: 上交一只6技能以上的宠物 | L28: 上交一个50级橙色的装备 | P28: =R28+130 -> 1720 | Q28: 24 | R28: =ROUND(V28+Z28+AD28,-1) -> 1590 | S28: =S27+15 -> 285 | T28: =S28/30 -> 9.5 | U28: =SUM($T$5:T28) -> 107.5 | V28: =S28*3 -> 855 | W28: 1.2 | X28: 150 | Y28: 1.8 | Z28: =X28*W28*Y28 -> 324 | AA28: =T28/7 -> 1.3571429 | AB28: 10 | AC28: 30 | AD28: =AC28*AB28*AA28 -> 407.14286 | AE28: =(AD28+Z28)/V28 -> 0.85513784 | AF28: 24 | AG28: 1 | AH28: 金币 | AI28: =AI27+20000 -> 580000 | AJ28: 10000159 | AK28: 赛季货币 | AL28: =AO28 -> 40 | AM28: 10010083 | AN28: 洗练石 | AO28: =AO23+5 -> 40 | AP28: 10000143 | AQ28: 灿烂的结晶 | AR28: 15 | AS28: 10000158 | AT28: 封印之塔挑战凭证 | AU28: 5 | AW28: 12 | AY28: =AG28&";"&AI28&"@"&AJ28&";"&AL28&"@"&AM28&";"&AO28&"@"&AP28&";"&AR28&"@"&AS28&";"&AU28 -> 1;580000@10000159;40@10010083;40@10000143;15@10000158;5
E29: 提交一个攻击大于5点资质X技能的宠物 | J29: 24 | K29: 开启3次高级藏宝图 | L29: 占领1个黄金矿 | P29: =R29+130 -> 1800 | Q29: 25 | R29: =ROUND(V29+Z29+AD29,-1) -> 1670 | S29: =S28+15 -> 300 | T29: =S29/30 -> 10 | U29: =SUM($T$5:T29) -> 117.5 | V29: =S29*3 -> 900 | W29: 1.2 | X29: 150 | Y29: 1.9 | Z29: =X29*W29*Y29 -> 342 | AA29: =T29/7 -> 1.4285714 | AB29: 10 | AC29: 30 | AD29: =AC29*AB29*AA29 -> 428.57143 | AE29: =(AD29+Z29)/V29 -> 0.85619048 | AF29: 25 | AG29: 1 | AH29: 金币 | AI29: =AI28+20000 -> 600000 | AJ29: 10000159 | AK29: 赛季货币 | AL29: =AO29 -> 40 | AM29: 10010083 | AN29: 洗练石 | AO29: =AO24+5 -> 40 | AP29: 10000143 | AQ29: 灿烂的结晶 | AR29: 15 | AS29: 10000158 | AT29: 封印之塔挑战凭证 | AU29: 5 | AW29: 12.5 | AY29: =AG29&";"&AI29&"@"&AJ29&";"&AL29&"@"&AM29&";"&AO29&"@"&AP29&";"&AR29&"@"&AS29&";"&AU29 -> 1;600000@10000159;40@10010083;40@10000143;15@10000158;5
B30: 武器加成 | J30: 25 | K30: 需求10个灿烂的结晶 | L30: 装备洗炼达到30次
A31: 武器晶核: | B31: 剑 | C31: 使用武器:剑，可以使自身伤害提升5% | D31: =A31&B31 -> 武器晶核:剑 | J31: 26 | K31: 鉴定出一个4条属性的装备 | L31: 使用珍贵的宠物蛋成功孵化两次宠物 | AE31: 每周任务 | AP31: 10000141 | AQ31: 洗炼石袋子 | AR31: 1 | AY31: 任务类型
A32: 武器晶核: | B32: 刀 | C32: 使用武器:刀，可以使自身伤害提升5% | D32: =A32&B32 -> 武器晶核:刀 | F32: 生活技能制造出50个道具 | J32: 27 | K32: 击败30个领主级怪物 | X32: 开启晶核 | Y32: 数量 | AY32: 1 | AZ32: 1 | BA32: 金币 | BB32: 100000 | BC32: 31 | BD32: 赛季经验 | BE32: 20 | BF32: 10000159 | BG32: 赛季货币 | BH32: 5 | BJ32: =AZ32&";"&BB32&"@"&BC32&";"&BE32&"@"&";"&BF32&";"&BH32 -> 1;100000@31;20@;10000159;5
A33: 武器晶核: | B33: 法杖 | C33: 使用武器:法杖，可以使自身伤害提升5% | D33: =A33&B33 -> 武器晶核:法杖 | J33: 28 | K33: 封印之塔挑战30次 | X33: 1 | Y33: 1 | Z33: ="10000162;"&Y33 -> 10000162;1 | AB33: 1 | AC33: 挑战有一次深渊类型的副本 | AF33: 1 | AG33: 1 | AH33: 金币 | AI33: 500000 | AJ33: 10000159 | AK33: 赛季货币 | AL33: 2 | AM33: 31 | AN33: 赛季经验 | AO33: 150 | AP33: 10000143 | AQ33: 灿烂的结晶 | AR33: 2 | AT33: =AJ33&";"&AM33&";"&AP33 -> 10000159;31;10000143 | AV33: =AL33&";"&AO33&";"&AR33 -> 2;150;2 | AY33: 2 | AZ33: 1 | BA33: 金币 | BB33: 150000 | BC33: 31 | BD33: 赛季经验 | BE33: 30 | BF33: 10000159 | BG33: 赛季货币 | BH33: 5 | BJ33: =AZ33&";"&BB33&"@"&BC33&";"&BE33&"@"&";"&BF33&";"&BH33 -> 1;150000@31;30@;10000159;5
A34: 武器晶核: | B34: 魔法书 | C34: 使用武器:魔法书，可以使自身伤害提升5% | D34: =A34&B34 -> 武器晶核:魔法书 | J34: 29 | K34: 上交20个炙热奖章 | L34: 高端任务(2个) | X34: 2 | Y34: 5 | Z34: ="10000162;"&Y34 -> 10000162;5 | AB34: 2 | AC34: 打造一件传承的装备 | AF34: 2 | AG34: 1 | AH34: 金币 | AI34: 500000 | AJ34: 10000159 | AK34: 赛季货币 | AL34: 2 | AM34: 31 | AN34: 赛季经验 | AO34: 150 | AP34: 10000158 | AQ34: 封印之塔挑战凭证 | AR34: 2 | AT34: =AJ34&";"&AM34&";"&AP34 -> 10000159;31;10000158 | AV34: =AL34&";"&AO34&";"&AR34 -> 2;150;2 | AY34: 3 | AZ34: 1 | BA34: 金币 | BB34: 200000 | BC34: 31 | BD34: 赛季经验 | BE34: 40 | BF34: 10000159 | BG34: 赛季货币 | BH34: 10 | BJ34: =AZ34&";"&BB34&"@"&BC34&";"&BE34&"@"&";"&BF34&";"&BH34 -> 1;200000@31;40@;10000159;10
A35: 武器晶核: | B35: 弓箭 | C35: 使用武器:弓箭，可以使自身伤害提升5% | D35: =A35&B35 -> 武器晶核:弓箭 | J35: 30 | K35: 合成1只战力达到10000点的宠物 | L35: 合成一只战力达到9000点的宠物 | X35: 3 | Y35: 10 | Z35: ="10000162;"&Y35 -> 10000162;10 | AB35: 3 | AC35: 使用鉴定道具给自己的装备鉴定15次 | AF35: 3 | AG35: 1 | AH35: 金币 | AI35: 500000 | AJ35: 10000159 | AK35: 赛季货币 | AL35: 2 | AM35: 31 | AN35: 赛季经验 | AO35: 150 | AP35: 10000162 | AQ35: 赛季晶核 | AR35: 2 | AT35: =AJ35&";"&AM35&";"&AP35 -> 10000159;31;10000162 | AV35: =AL35&";"&AO35&";"&AR35 -> 2;150;2
L36: 试炼之地输出进入排行前10 | X36: 4 | Y36: 15 | Z36: ="10000162;"&Y36 -> 10000162;15 | AB36: 4 | AC36: 洗炼装备30次 | AF36: 4 | AG36: 1 | AH36: 金币 | AI36: 500000 | AJ36: 10000159 | AK36: 赛季货币 | AL36: 2 | AM36: 31 | AN36: 赛季经验 | AO36: 150 | AP36: 10000139 | AQ36: 遗忘之水 | AR36: 1 | AT36: =AJ36&";"&AM36&";"&AP36 -> 10000159;31;10000139 | AV36: =AL36&";"&AO36&";"&AR36 -> 2;150;1
B37: 属性加成 | L37: 宠物天梯进入排行榜前10 | X37: 5 | Y37: 20 | Z37: ="10000162;"&Y37 -> 10000162;20 | AB37: 5 | AC37: 鉴定出一个3条属性的装备 | AF37: 5 | AG37: 1 | AH37: 金币 | AI37: 500000 | AJ37: 10000159 | AK37: 赛季货币 | AL37: 3 | AM37: 31 | AN37: 赛季经验 | AO37: 150 | AP37: 10010029 | AQ37: 传承图纸碎片 | AR37: 5 | AT37: =AJ37&";"&AM37&";"&AP37 -> 10000159;31;10010029 | AV37: =AL37&";"&AO37&";"&AR37 -> 3;150;5 | AY37: 赛季之王 | AZ37: 60级BOSS掉落 | BB37: 概率 | BD37: 刷新时间 | BE37: 48小时
A38: 属性晶核: | B38: 力量 | C38: =B38&"提升100点" -> 力量提升100点 | D38: =A38&B38 -> 属性晶核:力量 | L38: 战力排行榜进入前10 | X38: 6 | Y38: 25 | Z38: ="10000162;"&Y38 -> 10000162;25 | AB38: 6 | AC38: 击败3000只怪物 | AF38: 6 | AG38: 1 | AH38: 金币 | AI38: 500000 | AJ38: 10000159 | AK38: 赛季货币 | AL38: 3 | AM38: 31 | AN38: 赛季经验 | AO38: 150 | AP38: 10000143 | AQ38: 灿烂的结晶 | AR38: 2 | AT38: =AJ38&";"&AM38&";"&AP38 -> 10000159;31;10000143 | AV38: =AL38&";"&AO38&";"&AR38 -> 3;150;2 | AZ38: 赛季晶核 | BA38: 1 | BB38: 1
A39: 属性晶核: | B39: 智力 | C39: =B39&"提升100点" -> 智力提升100点 | D39: =A39&B39 -> 属性晶核:智力 | K39: 家园烹饪30次 | L39: 占领1个核心矿 | X39: 7 | Y39: 30 | Z39: ="10000162;"&Y39 -> 10000162;30 | AB39: 7 | AC39: 获得5只全新的宠物 | AF39: 7 | AG39: 1 | AH39: 金币 | AI39: 500000 | AJ39: 10000159 | AK39: 赛季货币 | AL39: 3 | AM39: 31 | AN39: 赛季经验 | AO39: 150 | AP39: 10000157 | AQ39: 传承灵石 | AR39: 2 | AT39: =AJ39&";"&AM39&";"&AP39 -> 10000159;31;10000157 | AV39: =AL39&";"&AO39&";"&AR39 -> 3;150;2 | BA39: 1 | BB39: 0.4 | BE39: 120
A40: 属性晶核: | B40: 敏捷 | C40: =B40&"提升100点" -> 敏捷提升100点 | D40: =A40&B40 -> 属性晶核:敏捷 | G40: =6*3600 -> 21600 | J40: =14400/3600 -> 4 | L40: 上交一只6技能以上的宠物 | X40: 8 | Y40: 40 | Z40: ="10000162;"&Y40 -> 10000162;40 | AB40: 8 | AC40: 封印之塔挑战20次 | AF40: 8 | AG40: 1 | AH40: 金币 | AI40: 500000 | AJ40: 10000159 | AK40: 赛季货币 | AL40: 3 | AM40: 31 | AN40: 赛季经验 | AO40: 150 | AP40: 10010053 | AQ40: 高级生肖袋子 | AR40: 1 | AT40: =AJ40&";"&AM40&";"&AP40 -> 10000159;31;10010053 | AV40: =AL40&";"&AO40&";"&AR40 -> 3;150;1 | BA40: 1 | BB40: 0.1 | BE40: 冷却时间降低
A41: 属性晶核: | B41: 耐力 | C41: =B41&"提升100点" -> 耐力提升100点 | D41: =A41&B41 -> 属性晶核:耐力 | G41: =G40*2 -> 43200 | H41: 1.8 | J41: *3 | L41: 洗练出1个带有隐藏技能的装备 | X41: 9 | Y41: 50 | Z41: ="10000162;"&Y41 -> 10000162;50 | AB41: 9 | AC41: 在60级副本通关,并使自身的总输出占比大于40% | AF41: 9 | AG41: 1 | AH41: 金币 | AI41: 500000 | AJ41: 10000159 | AK41: 赛季货币 | AL41: 3 | AM41: 31 | AN41: 赛季经验 | AO41: 150 | AP41: 10000142 | AQ41: 装备晶石袋子 | AR41: 1 | AT41: =AJ41&";"&AM41&";"&AP41 -> 10000159;31;10000142 | AV41: =AL41&";"&AO41&";"&AR41 -> 3;150;1 | AZ41: 0.75 | BA41: 初级赛季果实 | BB41: 1 | BC41: 6小时
A42: 属性晶核: | B42: 体质 | C42: =B42&"提升100点" -> 体质提升100点 | D42: =A42&B42 -> 属性晶核:体质 | H42: =G41/H41 -> 24000 | L42: 上交一个50级以上鉴定4属性的装备一件 | AB42: 10 | AC42: 合成1只战力达到8000点的宠物 | AF42: 10 | AG42: 1 | AH42: 金币 | AI42: 750000 | AJ42: 10000159 | AK42: 赛季货币 | AL42: 4 | AM42: 31 | AN42: 赛季经验 | AO42: 150 | AP42: 10010093 | AQ42: 珍贵的宠物蛋 | AR42: 1 | AT42: =AJ42&";"&AM42&";"&AP42 -> 10000159;31;10010093 | AV42: =AL42&";"&AO42&";"&AR42 -> 4;150;1 | AZ42: 0.2 | BA42: 中级赛季果实 | BB42: 1 | BC42: 12小时
D43: =A43&B43 | H43: =39600/24000 -> 1.65 | AB43: 11 | AC43: 开启30次普通藏宝图 | AF43: 11 | AG43: 1 | AH43: 金币 | AI43: 750000 | AJ43: 10000159 | AK43: 赛季货币 | AL43: 4 | AM43: 31 | AN43: 赛季经验 | AO43: 150 | AP43: 10000141 | AQ43: 洗炼石袋子 | AR43: 1 | AT43: =AJ43&";"&AM43&";"&AP43 -> 10000159;31;10000141 | AV43: =AL43&";"&AO43&";"&AR43 -> 4;150;1 | AZ43: 0.1 | BA43: 高级赛季果实 | BB43: 1 | BC43: 24小时
B44: 主动技能 | AB44: 12 | AC44: 钻石兑换金币10次 | AF44: 12 | AG44: 1 | AH44: 金币 | AI44: 750000 | AJ44: 10000159 | AK44: 赛季货币 | AL44: 4 | AM44: 31 | AN44: 赛季经验 | AO44: 150 | AP44: 10000143 | AQ44: 灿烂的结晶 | AR44: 3 | AT44: =AJ44&";"&AM44&";"&AP44 -> 10000159;31;10000143 | AV44: =AL44&";"&AO44&";"&AR44 -> 4;150;3
A45: 技能晶核: | B45: 悬空 | C45: 使目标处于悬空状态,悬空状态无法攻击和被攻击,30秒冷却时间 | AB45: 13 | AC45: 击败30个领主级怪物 | AF45: 13 | AG45: 1 | AH45: 金币 | AI45: 750000 | AJ45: 10000159 | AK45: 赛季货币 | AL45: 4 | AM45: 31 | AN45: 赛季经验 | AO45: 150 | AP45: 10010029 | AQ45: 传承图纸碎片 | AR45: 5 | AT45: =AJ45&";"&AM45&";"&AP45 -> 10000159;31;10010029 | AV45: =AL45&";"&AO45&";"&AR45 -> 4;150;5
A46: 技能晶核: | B46: 恐惧 | C46: 使目标处于恐惧状态,被恐惧的玩家会自己到处行走无法使用攻击和技能,30秒冷却时间 | J46: 1 | AB46: 14 | AC46: 在野外地区击败5名玩家 | AF46: 14 | AG46: 1 | AH46: 金币 | AI46: 750000 | AJ46: 10000159 | AK46: 赛季货币 | AL46: 4 | AM46: 31 | AN46: 赛季经验 | AO46: 150 | AP46: 10000157 | AQ46: 传承灵石 | AR46: 2 | AT46: =AJ46&";"&AM46&";"&AP46 -> 10000159;31;10000157 | AV46: =AL46&";"&AO46&";"&AR46 -> 4;150;2
A47: 技能晶核: | B47: 沉睡 | C47: 使目标处于沉睡状态,沉睡状态无法攻击和释放技能,但是受到攻击会立即苏醒,30秒冷却时间 | J47: 2 | AB47: 15 | AC47: 宠物使用技能书替换自身技能10次 | AF47: 15 | AG47: 1 | AH47: 金币 | AI47: 750000 | AJ47: 10000159 | AK47: 赛季货币 | AL47: 5 | AM47: 31 | AN47: 赛季经验 | AO47: 150 | AP47: 10000158 | AQ47: 封印之塔挑战凭证 | AR47: 2 | AT47: =AJ47&";"&AM47&";"&AP47 -> 10000159;31;10000158 | AV47: =AL47&";"&AO47&";"&AR47 -> 5;150;2 | AY47: 评分？
A48: 技能晶核: | B48: 强制 | C48: 强制将目标拉倒自己身边,20秒冷却时间 | J48: 3 | AB48: 16 | AC48: 使用附魔道具给自己的装备附魔15次 | AF48: 16 | AG48: 1 | AH48: 金币 | AI48: 750000 | AJ48: 10000159 | AK48: 赛季货币 | AL48: 5 | AM48: 31 | AN48: 赛季经验 | AO48: 150 | AP48: 10010093 | AQ48: 珍贵的宠物蛋 | AR48: 1 | AT48: =AJ48&";"&AM48&";"&AP48 -> 10000159;31;10010093 | AV48: =AL48&";"&AO48&";"&AR48 -> 5;150;1
J49: 4 | AB49: 17 | AC49: 洗练出1个带有隐藏技能的装备 | AF49: 17 | AG49: 1 | AH49: 金币 | AI49: 750000 | AJ49: 10000159 | AK49: 赛季货币 | AL49: 5 | AM49: 31 | AN49: 赛季经验 | AO49: 150 | AP49: 10010073 | AQ49: 随机宠物技能袋子 | AR49: 1 | AT49: =AJ49&";"&AM49&";"&AP49 -> 10000159;31;10010073 | AV49: =AL49&";"&AO49&";"&AR49 -> 5;150;1
J50: 5 | AB50: 18 | AC50: 宠物合成10次 | AF50: 18 | AG50: 1 | AH50: 金币 | AI50: 750000 | AJ50: 10000159 | AK50: 赛季货币 | AL50: 5 | AM50: 31 | AN50: 赛季经验 | AO50: 150 | AP50: 10000152 | AQ50: 璀璨传承 | AR50: 3 | AT50: =AJ50&";"&AM50&";"&AP50 -> 10000159;31;10000152 | AV50: =AL50&";"&AO50&";"&AR50 -> 5;150;3
C51: 使你普通攻击有概率造成一个爆炸性伤害 | J51: 6 | AB51: 19 | AC51: 合成1只战力达到9000点的宠物 | AF51: 19 | AG51: 1 | AH51: 金币 | AI51: 750000 | AJ51: 10000159 | AK51: 赛季货币 | AL51: 5 | AM51: 31 | AN51: 赛季经验 | AO51: 150 | AP51: 10000150 | AQ51: 深渊凭证 | AR51: 1 | AT51: =AJ51&";"&AM51&";"&AP51 -> 10000159;31;10000150 | AV51: =AL51&";"&AO51&";"&AR51 -> 5;150;1 | AY51: 兑换 | BC51: 兑换数量
C52: 使你普通攻击有概率造成一个2秒眩晕 | J52: 7 | AB52: 20 | AC52: 挑战有3次深渊类型的副本 | AF52: 20 | AG52: 1 | AH52: 金币 | AI52: 750000 | AJ52: 10000159 | AK52: 赛季货币 | AL52: 6 | AM52: 31 | AN52: 赛季经验 | AO52: 150 | AP52: 10000157 | AQ52: 传承灵石 | AR52: 2 | AT52: =AJ52&";"&AM52&";"&AP52 -> 10000159;31;10000157 | AV52: =AL52&";"&AO52&";"&AR52 -> 6;150;2 | AZ52: 10010093 | BA52: 珍贵的宠物蛋 | BB52: 1 | BC52: 30
C53: 使你普通攻击 | J53: 8 | AB53: 21 | AC53: 装备洗炼达到100次 | AF53: 21 | AG53: 1 | AH53: 金币 | AI53: 1000000 | AJ53: 10000159 | AK53: 赛季货币 | AL53: 6 | AM53: 31 | AN53: 赛季经验 | AO53: 150 | AP53: 10000158 | AQ53: 封印之塔挑战凭证 | AR53: 2 | AT53: =AJ53&";"&AM53&";"&AP53 -> 10000159;31;10000158 | AV53: =AL53&";"&AO53&";"&AR53 -> 6;150;2 | AZ53: 10000162 | BA53: 赛季晶核 | BB53: 1 | BC53: 20
J54: 9 | AB54: 22 | AC54: 上交30个炙热印记 | AF54: 22 | AG54: 1 | AH54: 金币 | AI54: 1000000 | AJ54: 10000159 | AK54: 赛季货币 | AL54: 6 | AM54: 31 | AN54: 赛季经验 | AO54: 150 | AP54: 10010086 | AQ54: 宠之晶 | AR54: 3 | AT54: =AJ54&";"&AM54&";"&AP54 -> 10000159;31;10010086 | AV54: =AL54&";"&AO54&";"&AR54 -> 6;150;3 | AZ54: 10010045 | BA54: 金条 | BB54: 1 | BC54: 30
J55: 10 | AB55: 23 | AC55: 上交一只6技能以上的宠物 | AF55: 23 | AG55: 1 | AH55: 金币 | AI55: 1000000 | AJ55: 10000159 | AK55: 赛季货币 | AL55: 6 | AM55: 31 | AN55: 赛季经验 | AO55: 150 | AP55: 10010093 | AQ55: 珍贵的宠物蛋 | AR55: 1 | AT55: =AJ55&";"&AM55&";"&AP55 -> 10000159;31;10010093 | AV55: =AL55&";"&AO55&";"&AR55 -> 6;150;1 | AZ55: 10000158 | BA55: 封印之塔挑战凭证 | BB55: 1 | BC55: 20
B56: 隐身技能 | C56: 隐藏自己让敌人看不到自己,但是自己攻击会立即现身 | J56: 11 | AB56: 24 | AC56: 开启3次高级藏宝图 | AF56: 24 | AG56: 1 | AH56: 金币 | AI56: 1000000 | AJ56: 10000159 | AK56: 赛季货币 | AL56: 6 | AM56: 31 | AN56: 赛季经验 | AO56: 150 | AP56: 10000152 | AQ56: 璀璨传承 | AR56: 3 | AT56: =AJ56&";"&AM56&";"&AP56 -> 10000159;31;10000152 | AV56: =AL56&";"&AO56&";"&AR56 -> 6;150;3 | AZ56: 10010083 | BA56: 装备洗炼石 | BB56: 1 | BC56: 2
J57: 12 | AB57: 25 | AC57: 需求10个灿烂的结晶 | AF57: 25 | AG57: 1 | AH57: 金币 | AI57: 1000000 | AJ57: 10000159 | AK57: 赛季货币 | AL57: 8 | AM57: 31 | AN57: 赛季经验 | AO57: 150 | AP57: 10000141 | AQ57: 洗炼石袋子 | AR57: 1 | AT57: =AJ57&";"&AM57&";"&AP57 -> 10000159;31;10000141 | AV57: =AL57&";"&AO57&";"&AR57 -> 8;150;1 | AZ57: 10000143 | BA57: 灿烂的结晶 | BB57: 1 | BC57: 5
J58: 13 | AB58: 26 | AC58: 鉴定出一个4条属性的装备 | AF58: 26 | AG58: 1 | AH58: 金币 | AI58: 1000000 | AJ58: 10000159 | AK58: 赛季货币 | AL58: 8 | AM58: 31 | AN58: 赛季经验 | AO58: 150 | AP58: 10000105 | AQ58: 史诗宝石宝箱 | AR58: 1 | AT58: =AJ58&";"&AM58&";"&AP58 -> 10000159;31;10000105 | AV58: =AL58&";"&AO58&";"&AR58 -> 8;150;1 | AZ58: 10000152 | BA58: 璀璨传承 | BB58: 1 | BC58: 10
J59: 14 | AB59: 27 | AC59: 击败30个领主级怪物 | AF59: 27 | AG59: 1 | AH59: 金币 | AI59: 1000000 | AJ59: 10000159 | AK59: 赛季货币 | AL59: 8 | AM59: 31 | AN59: 赛季经验 | AO59: 150 | AP59: 10010073 | AQ59: 随机宠物技能袋子 | AR59: 1 | AT59: =AJ59&";"&AM59&";"&AP59 -> 10000159;31;10010073 | AV59: =AL59&";"&AO59&";"&AR59 -> 8;150;1 | AZ59: 10000157 | BA59: 传承灵石 | BB59: 1 | BC59: 10
J60: 15 | AB60: 28 | AC60: 封印之塔挑战30次 | AF60: 28 | AG60: 1 | AH60: 金币 | AI60: 1000000 | AJ60: 10000159 | AK60: 赛季货币 | AL60: 8 | AM60: 31 | AN60: 赛季经验 | AO60: 150 | AP60: 10000158 | AQ60: 封印之塔挑战凭证 | AR60: 2 | AT60: =AJ60&";"&AM60&";"&AP60 -> 10000159;31;10000158 | AV60: =AL60&";"&AO60&";"&AR60 -> 8;150;2 | AZ60: 10010029 | BA60: 传承图纸碎片 | BB60: 1 | BC60: 5
J61: 16 | AB61: 29 | AC61: 上交20个炙热奖章 | AF61: 29 | AG61: 1 | AH61: 金币 | AI61: 1000000 | AJ61: 10000159 | AK61: 赛季货币 | AL61: 8 | AM61: 31 | AN61: 赛季经验 | AO61: 150 | AP61: 10010093 | AQ61: 珍贵的宠物蛋 | AR61: 1 | AT61: =AJ61&";"&AM61&";"&AP61 -> 10000159;31;10010093 | AV61: =AL61&";"&AO61&";"&AR61 -> 8;150;1 | AZ61: 10010086 | BA61: 宠之晶 | BB61: 1 | BC61: 10
C62: 通过击败怪物获得的金币提升5%。 | J62: 17 | AB62: 30 | AC62: 合成1只战力达到10000点的宠物 | AF62: 30 | AG62: 1 | AH62: 金币 | AI62: 1000000 | AJ62: 10000159 | AK62: 赛季货币 | AL62: 10 | AM62: 31 | AN62: 赛季经验 | AO62: 150 | AP62: 10000152 | AQ62: 璀璨传承 | AR62: 5 | AT62: =AJ62&";"&AM62&";"&AP62 -> 10000159;31;10000152 | AV62: =AL62&";"&AO62&";"&AR62 -> 10;150;5 | AZ62: 10010101 | BA62: 初级赛季果实 | BB62: 1 | BC62: 5
C63: 通过击败怪物获得的掉落奖励额外提升5%。 | J63: 18 | AZ63: 10010102 | BA63: 中级赛季果实 | BB63: 1 | BC63: 10
C64: 通过击败怪物获得的经验提升5% | J64: 19 | AZ64: 10010103 | BA64: 高级赛季果实 | BB64: 1 | BC64: 20
C65: 召唤的宠物属性上升5%点 | J65: 20
C66: 技能冷却5% | J66: 21
C67: 力量提升100点 | J67: 22
C68: 智力提升100点 | J68: 23
C69: 敏捷提升100点 | J69: 24
C70: 耐力提升100点 | J70: 25
C71: 体质提升100点 | J71: 26
C72: 命中敌人概率提升5% | J72: 27
C73: 暴击概率提升5% | J73: 28
C74: 重击概率提升5% | J74: 29
C75: 物理穿透5% | J75: 30
C76: 魔法穿透5%
C77: 普通攻击加成提升5%
C78: 技能攻击加成提升5%
C79: 攻击领主伤害提升5%
C80: 攻击速度提升5%
C81: 躲闪概率提升5%
C82: 抗暴概率提升5%
C83: 当自身生命小于0时,有5%概率重生
C84: 物理伤害减免提升5%
C85: 魔法伤害减免提升5%
C86: 受到领主伤害降低5%
C87: 抵抗负面属性概率5%
... C94: 使用武器:弓箭，可以使自身伤害提升5%

Sheet 装备洗练
E2: 特殊属性 | M2: 隐藏属性 | O2: 携带部位
E3: 1001 | F3: 生命 | K3: 1 | L3: 0.01 | M3: 2001 | N3: 英勇 | O3: 武器 | P3: 攻击时附带2%生命恢复效果
E4: 1002 | F4: 攻击 | K4: 6 | L4: 0.03 | M4: 2003 | N4: 天使复苏 | O4: 衣服 | P4: 当自身血量降低值0时,有10%概率恢复自身全部生命值,10分钟只能触发一次
E5: 1003 | F5: 物防 | K5: 6 | L5: 0.01 | M5: 2004 | N5: 溅射 | O5: 武器 | P5: 每次攻击有概率对附近单位造成20%溅射伤害
E6: 1004 | F6: 魔防 | K6: 1 | L6: 0.03 | M6: 2005 | N6: 协助出战 | O6: 项链 | P6: 攻击时有概率召唤一个帮手协助你作战,帮手的属性根据自身属性变换
E7: 1005 | F7: 格挡值 | K7: 0 | L7: 0.03 | M7: 2006 | N7: 不坏之身 | O7: 护符 | P7: 受到伤害时有概率立即回复自身5%生命值
E8: 1006 | F8: 重击附加伤害 | K8: 0 | L8: 0.01 | M8: 2007 | N8: 渗透之伤 | O8: 饰品 | P8: 攻击时有概率让目标持续受到伤害,每秒使目标损失目标当前血量的1%
E9: 1007 | F9: 重击概率 | K9: 2 | L9: 0.01 | M9: 2008 | N9: 缓慢 | O9: 饰品 | P9: 攻击时有概率降低其移动速度30%,持续3秒
E10: 1008 | F10: 真实伤害 | K10: 7 | L10: 0.03 | M10: 2009 | N10: 迅捷 | O10: 鞋 | P10: 移动速度提升5%
E11: 1009 | F11: 恢复值 | K11: 2 | L11: 0.01 | M11: 2016 | N11: 百发百中 | O11: 武器 | P11: 物理攻击命中率100%,使目标无法躲避自身的任何攻击
E12: 1010 | F12: 忽视目标防御值 | K12: 0 | L12: 0.03 | M12: 2018 | N12: 精神集中 | O12: 腰带 | P12: 使用技能时有10%概率不触发自身技能时间
E13: 1011 | F13: 忽视目标魔防值 | K13: 7 | L13: 0.01 | M13: 2022 | N13: 奋力 | O13: 饰品 | P13: 攻击时有概率提升自身20%攻击,持续5秒
E14: 1012 | F14: 幸运值 | K14: 3 | L14: 0.03 | M14: 2019 | N14: 招摇 | O14: 头盔 | P14: 怪物发现目标距离+3
E15: 1013 | F15: 暴击等级 | K15: 4 | L15: 0.03 | M15: 2020 | N15: 隐匿 | O15: 头盔 | P15: 怪物发现目标距离-3
E16: 1014 | F16: 命中等级 | K16: 3 | L16: 0.03 | N16: 忽视目标 | O16: 戒指 | P16: 攻击时有概率忽视目标身上对应的防御属性
E17: 1015 | F17: 闪避等级 | K17: 4 | L17: 0.03 | N17: 贪婪 | O17: 手套 | P17: 释放技能时有概率造成1.5倍的伤害
E18: 1016 | F18: 抗暴等级 | K18: 5 | L18: 0.03 | N18: 化解 | O18: 裤子 | P18: 受到伤害时有概率使本次伤害无效
E19: 1017 | F19: 暴击概率 | K19: 5 | L19: 0.01 | N19: 冲刺 | O19: 饰品 | P19: 使用冲锋技能移动距离+2
E20: 1018 | F20: 命中概率
E21: 1019 | F21: 闪避概率
E22: 1020 | F22: 抗暴概率 | K22: 0 | L22: 0.02 | M22: 2024 | N22: 神农 | O22: 全身 | P22: 使用药剂恢复生命额外效果额外提升10%
E23: 1021 | F23: 物理伤害 | K23: 1 | L23: 0.05 | N23: 珍宝 | O23: 全身 | P23: 出售给商店时获得20倍的金币价格
E24: 1022 | F24: 魔法伤害 | K24: 2 | L24: 0.05 | N24: 简易 | O24: 全身 | P24: 穿戴此装备等级限制降低5级
E25: 1023 | F25: 物理减免 | K25: 0 | L25: 0.01 | N25: 极品 | O25: 全身 | P25: 额外发挥对应部位的装备1.1倍属性
E26: 1024 | F26: 魔法减免 | K26: 0 | L26: 0.02 | N26: 胜算 | O26: 全身 | P26: 装备最低属性和最高属性保持一致
E27: 1025 | F27: 伤害加成 | K27: 0 | L27: 0.02 | N27: 无级别 | O27: 全身 | P27: 佩戴时没有任何等级和属性要求限制
E28: 1026 | F28: 伤害减免 | K28: 0 | L28: 0.03 | N28: 虚弱 | O28: 全身 | P28: 当前部位的装备属性降低10%
E29: 1027 | F29: 攻击穿透 | K29: 0 | L29: 0.02 | N29: 宝石专精 | O29: 全身 | P29: 镶嵌的宝石属性提升20%效果
E30: 1028 | F30: 魔法穿透 | K30: 0 | L30: 0.04 | M30: 2002 | N30: 战斗恢复 | O30: 全身 | P30: 战斗中自动恢复血量的效果*2
E31: 1030 | F31: 攻击领主物理伤害加成 | K31: 3 | L31: 0.02 | N31: 攻击之手 | P31: 攻击时有概率使己方全属性提升10%,持续10秒
E32: 1031 | F32: 攻击领主魔法伤害加成 | K32: 4 | L32: 0.02 | N32: 防御之手 | P32: 受击时有概率使己方全属性提升10%,持续10秒
E33: 1032 | F33: 受到领主物理攻击减免 | K33: 5 | L33: 0.02 | N33: 恢复之手 | P33: 生命恢复时,有概率使己方全属性提升10%,持续10秒
E34: 1033 | F34: 受到领主魔法攻击减免 | K34: 6 | L34: 0.02 | N34: 急速 | P34: 当使用冲锋技能产生冷却时间时,可以使自身移动速度提升30%,持续3秒
E35: 1034 | F35: 技能冷却时间缩减
E36: 1035 | F36: 经验加成
M45: 0.1 | N45: 珍宝 | O45: 全身 | P45: 出售给商店时获得10倍的价格
M46: 0.05 | N46: 简易 | O46: 全身 | P46: 穿戴此装备等级限制降低5级
M47: 0.02 | N47: 极品 | O47: 全身 | P47: 额外发挥部位1.2倍的属性
M48: 0.02 | N48: 胜算 | O48: 全身 | P48: 装备最低属性和最高属性保持一致
M49: 0.001 | N49: 无级别 | O49: 全身 | P49: 佩戴时没有任何等级和属性要求限制
M50: 0.03 | N50: 虚弱 | O50: 全身 | P50: 佩戴时没有任何等级和属性要求限制
N51: 锻造大师 | O51: 饰品 | P51: 锻造类熟练度,出现隐藏属性的几率提高
N52: 极品大师 | O52: 饰品 | P52: 出现极品的属性提高
L55: 0.0001 | M55: 2025 | N55: 药剂大师 | O55: 饰品 | P55: 药剂类熟练度提高,生产药剂时有概率获得药剂暴击效果
L56: 0.1 | M56: 2026 | N56: 锻造大师 | O56: 饰品 | P56: 锻造类熟练度,出现隐藏属性的几率提高
L57: 0 | M57: 2027 | N57: 宝石大师 | O57: 饰品 | P57: 锻造类熟练度,出现宝石孔位的装备提高
L58: 0.1 | M58: 2028 | N58: 极品大师 | O58: 饰品 | P58: 洗炼时出现极品的属性提高

Sheet 装备属性
B2: 装备等级 | C2: 血量占比 | D2: 属性占比 | F2: 血量 | G2: 攻击 | H2: 物防 | I2: 魔防 | M2: 血量 | N2: 攻击 | O2: 物防 | P2: 魔防 | Q2: 系数 | U2: 属性偏向 | V2: 血量 | W2: 最大攻击 | X2: 最大物防 | Y2: 最小魔防 | AA2: 属性均衡系数 | AF2: 血量 | AG2: 最大攻击 | AH2: 最大物防 | AI2: 最小魔防
B3: 1 | C3: 5 | D3: 5 | F3: =C3*总表!D4 -> 5250 | G3: =总表!E$4*$D3 -> 500 | H3: =总表!F$4*$D3 -> 150 | I3: =总表!G$4*$D3 -> 150 | L3: 头盔 | M3: 0 | N3: 0.05 | O3: 0.1 | P3: 0.1 | Q3: =SUM(M3:P3) -> 0.25 | T3: 护甲 | U3: 布甲 | V3: 0.5 | W3: 1.35 | X3: 0.75 | Y3: 0.75 | AA3: =W3+(X3+Y3+V3)/3 -> 2.0166667 | AE3: 头盔 | AF3: =ROUND(M3*F$3,0) -> 0 | AG3: =ROUND(N3*G$3,0) -> 25 | AH3: =ROUND(O3*H$3,0) -> 15 | AI3: =ROUND(P3*I$3,0) -> 15
B4: 10 | C4: 10 | D4: 10 | F4: =C4*[1]属性总表!$E$5 -> 10500 | G4: =总表!E$4*$D4 -> 1000 | H4: =总表!F$4*$D4 -> 300 | I4: =总表!G$4*$D4 -> 300 | L4: 手套 | M4: 0 | N4: 0.065 | O4: 0 | P4: 0.3 | Q4: =SUM(M4:P4) -> 0.365 | U4: 轻甲 | V4: 1 | W4: 1 | X4: 1 | Y4: 1 | AA4: =W4+(X4+Y4+V4)/3 -> 2 | AE4: 手镯 | AF4: =ROUND(M4*F$3,0) -> 0 | AG4: =ROUND(N4*G$3,0) -> 33 | AH4: =ROUND(O4*H$3,0) -> 0 | AI4: =ROUND(P4*I$3,0) -> 45
B5: 20 | C5: 15 | D5: 15 | F5: =C5*[1]属性总表!$E$5 -> 15750 | G5: =总表!E$4*$D5 -> 1500 | H5: =总表!F$4*$D5 -> 450 | I5: =总表!G$4*$D5 -> 450 | L5: 腰带 | M5: 0.1 | N5: 0.035 | O5: 0.2 | P5: 0 | Q5: =SUM(M5:P5) -> 0.335 | U5: 重甲 | V5: 1.5 | W5: 0.75 | X5: 1.25 | Y5: 1.25 | AA5: =W5+(X5+Y5+V5)/3 -> 2.0833333 | AE5: 腰带 | AF5: =ROUND(M5*F$3,0) -> 525 | AG5: =ROUND(N5*G$3,0) -> 18 | AH5: =ROUND(O5*H$3,0) -> 30 | AI5: =ROUND(P5*I$3,0) -> 0
B6: 30 | C6: 20 | D6: 20 | F6: =C6*[1]属性总表!$E$5 -> 21000 | G6: =总表!E$4*$D6 -> 2000 | H6: =总表!F$4*$D6 -> 600 | I6: =总表!G$4*$D6 -> 600 | L6: 鞋子 | M6: 0 | N6: 0.055 | O6: 0.2 | P6: 0.2 | Q6: =SUM(M6:P6) -> 0.455 | AE6: 布靴 | AF6: =ROUND(M6*F$3,0) -> 0 | AG6: =ROUND(N6*G$3,0) -> 28 | AH6: =ROUND(O6*H$3,0) -> 30 | AI6: =ROUND(P6*I$3,0) -> 30
B7: 40 | C7: 25 | D7: 25 | F7: =C7*[1]属性总表!$E$5 -> 26250 | G7: =总表!E$4*$D7 -> 2500 | H7: =总表!F$4*$D7 -> 750 | I7: =总表!G$4*$D7 -> 750 | L7: 裤子 | M7: 0.25 | N7: 0.075 | O7: 0.1 | P7: 0 | Q7: =SUM(M7:P7) -> 0.425 | AE7: 长裤 | AF7: =ROUND(M7*F$3,0) -> 1313 | AG7: =ROUND(N7*G$3,0) -> 38 | AH7: =ROUND(O7*H$3,0) -> 15 | AI7: =ROUND(P7*I$3,0) -> 0
B8: 50 | C8: 30 | D8: 30 | F8: =C8*[1]属性总表!$E$5 -> 31500 | G8: =总表!E$4*$D8 -> 3000 | H8: =总表!F$4*$D8 -> 900 | I8: =总表!G$4*$D8 -> 900 | L8: 项链 | M8: 0 | N8: 0.15 | O8: 0.15 | P8: 0 | Q8: =SUM(M8:P8) -> 0.3 | U8: 穿戴类型 | V8: 转职名称 | AE8: 项链 | AF8: =ROUND(M8*F$3,0) -> 0 | AG8: =ROUND(N8*G$3,0) -> 75 | AH8: =ROUND(O8*H$3,0) -> 23 | AI8: =ROUND(P8*I$3,0) -> 0
L9: 戒指 | M9: 0 | N9: 0.15 | O9: 0 | P9: 0.15 | Q9: =SUM(M9:P9) -> 0.3 | T9: 战士 | U9: 轻甲 | AE9: 戒指 | AF9: =ROUND(M9*F$3,0) -> 0 | AG9: =ROUND(N9*G$3,0) -> 75 | AH9: =ROUND(O9*H$3,0) -> 0 | AI9: =ROUND(P9*I$3,0) -> 23
L10: 饰品 | M10: 0 | N10: 0 | O10: 0 | P10: 0 | Q10: =SUM(M10:P10) -> 0 | U10: 轻甲 | AE10: 饰品 | AF10: =ROUND(M10*F$3,0) -> 0 | AG10: =ROUND(N10*G$3,0) -> 0 | AH10: =ROUND(O10*H$3,0) -> 0 | AI10: =ROUND(P10*I$3,0) -> 0
B11: 品质 | D11: 2000 | L11: 护符 | M11: 0.4 | N11: 0 | O11: 0 | P11: 0 | Q11: =SUM(M11:P11) -> 0.4 | U11: 重甲 | AE11: 护符 | AF11: =ROUND(M11*F$3,0) -> 2100 | AG11: =ROUND(N11*G$3,0) -> 0 | AH11: =ROUND(O11*H$3,0) -> 0 | AI11: =ROUND(P11*I$3,0) -> 0
B12: 普通 | C12: 0.8 | D12: =C12*$D$11 -> 1600 | L12: 武器 | M12: 0 | N12: 0.42 | O12: 0 | P12: 0 | Q12: =SUM(M12:P12) -> 0.42 | AE12: 武器 | AF12: =ROUND(M12*F$3,0) -> 0 | AG12: =ROUND(N12*G$3,0) -> 210 | AH12: =ROUND(O12*H$3,0) -> 0 | AI12: =ROUND(P12*I$3,0) -> 0
B13: 套装 | C13: 1 | D13: =C13*$D$11 -> 2000 | K13: 多额外0.05(比护腿多一些好看,并且正好整体缺血量) | L13: 衣服 | M13: 0.3 | N13: 0 | O13: 0.25 | P13: 0.25 | Q13: =SUM(M13:P13) -> 0.8 | T13: 法师 | U13: 布甲 | AE13: 衣服 | AF13: =ROUND(M13*F$3,0) -> 1575 | AG13: =ROUND(N13*G$3,0) -> 0 | AH13: =ROUND(O13*H$3,0) -> 38 | AI13: =ROUND(P13*I$3,0) -> 38
B14: 极品套装 | C14: 1.2 | D14: =C14*$D$11 -> 2400 | U14: 布甲
L15: 累计总合 | M15: =SUM(M3:M13) -> 1.05 | N15: =SUM(N3:N13) -> 1 | O15: =SUM(O3:O13) -> 1 | P15: =SUM(P3:P13) -> 1 | Q15: =SUM(Q3:Q13) -> 4.05 | U15: 重甲
AE16: 头盔 | AM16: 布甲 | AN16: 0.5 | AO16: 1.35 | AP16: 0.75 | AQ16: 0.75 | AU16: 重甲 | AV16: 1.5 | AW16: 0.75 | AX16: 1.25 | AY16: 1.25
B17: 地图章节 | C17: 对应章节 | D17: 对应等级 | AC17: 掉落 | AD17: 散件 | AE17: 小木盔 | AF17: 0 | AG17: 10 | AH17: 6 | AI17: 6 | AK17: 掉落 | AL17: 散件 | AM17: 布巾 | AN17: =ROUND(AF17*AN$23,0) -> 0 | AO17: =ROUND(AG17*AO$23,0) -> 14 | AP17: =ROUND(AH17*AP$23,0) -> 5 | AQ17: =ROUND(AI17*AQ$23,0) -> 5 | AS17: 掉落 | AT17: 散件 | AU17: 铁盔 | AV17: =ROUND(AF17*AV$23,0) -> 0 | AW17: =ROUND(AG17*AW$23,0) -> 8 | AX17: =ROUND(AH17*AX$23,0) -> 8 | AY17: =ROUND(AI17*AY$23,0) -> 8
C18: 1 | D18: 15 | AC18: 掉落 | AD18: 散件 | AE18: 玄木头盔 | AF18: 0 | AG18: 18 | AH18: 10 | AI18: 10 | AK18: 掉落 | AL18: 散件 | AM18: 暗影头盔 | AN18: =ROUND(AF18*AN$23,0) -> 0 | AO18: =ROUND(AG18*AO$23,0) -> 24 | AP18: =ROUND(AH18*AP$23,0) -> 8 | AQ18: =ROUND(AI18*AQ$23,0) -> 8 | AS18: 掉落 | AT18: 散件 | AU18: 精钢头盔 | AV18: =ROUND(AF18*AV$23,0) -> 0 | AW18: =ROUND(AG18*AW$23,0) -> 14 | AX18: =ROUND(AH18*AX$23,0) -> 13 | AY18: =ROUND(AI18*AY$23,0) -> 13
C19: 2 | D19: 25 | AC19: 制作 | AD19: 套装 | AE19: 战灵头盔 | AF19: 0 | AG19: 20 | AH19: 12 | AI19: 12 | AK19: 制作 | AL19: 套装 | AM19: 灵纹头盔 | AN19: =ROUND(AF19*AN$23,0) -> 0 | AO19: =ROUND(AG19*AO$23,0) -> 27 | AP19: =ROUND(AH19*AP$23,0) -> 9 | AQ19: =ROUND(AI19*AQ$23,0) -> 9 | AS19: 制作 | AT19: 套装 | AU19: 战灵头盔 | AV19: =ROUND(AF19*AV$23,0) -> 0 | AW19: =ROUND(AG19*AW$23,0) -> 15 | AX19: =ROUND(AH19*AX$23,0) -> 15 | AY19: =ROUND(AI19*AY$23,0) -> 15
C20: 3 | D20: 32 | AC20: 掉落 | AD20: 套装 | AE20: 勇气之盔 | AF20: 0 | AG20: 25 | AH20: 15 | AI20: 15 | AK20: 掉落 | AL20: 套装 | AM20: 暴灵之盔 | AN20: =ROUND(AF20*AN$23,0) -> 0 | AO20: =ROUND(AG20*AO$23,0) -> 34 | AP20: =ROUND(AH20*AP$23,0) -> 11 | AQ20: =ROUND(AI20*AQ$23,0) -> 11 | AS20: 掉落 | AT20: 套装 | AU20: 英勇之盔 | AV20: =ROUND(AF20*AV$23,0) -> 0 | AW20: =ROUND(AG20*AW$23,0) -> 19 | AX20: =ROUND(AH20*AX$23,0) -> 19 | AY20: =ROUND(AI20*AY$23,0) -> 19
C21: 4 | D21: 40
C22: 5 | D22: 50 | AE22: 手套
AC23: 掉落 | AD23: 散件 | AE23: 皮质手套 | AF23: 0 | AG23: 12 | AH23: 0 | AI23: 20 | AK23: 掉落 | AL23: 散件 | AM23: 布料手套 | AN23: =ROUND(AF23*AN$23,0) -> 0 | AO23: =ROUND(AG23*AO$23,0) -> 16 | AP23: =ROUND(AH23*AP$23,0) -> 0 | AQ23: =ROUND(AI23*AQ$23,0) -> 15 | AS23: 掉落 | AT23: 散件 | AU23: 铁手套 | AV23: =ROUND(AF23*AV$23,0) -> 0 | AW23: =ROUND(AG23*AW$23,0) -> 9 | AX23: =ROUND(AH23*AX$23,0) -> 0 | AY23: =ROUND(AI23*AY$23,0) -> 25
AC24: 掉落 | AD24: 散件 | AE24: 轻灵手套 | AF24: 0 | AG24: 24 | AH24: 0 | AI24: 30 | AK24: 掉落 | AL24: 散件 | AM24: 长者手套 | AN24: =ROUND(AF24*AN$23,0) -> 0 | AO24: =ROUND(AG24*AO$23,0) -> 32 | AP24: =ROUND(AH24*AP$23,0) -> 0 | AQ24: =ROUND(AI24*AQ$23,0) -> 23 | AS24: 掉落 | AT24: 散件 | AU24: 玄铁手套 | AV24: =ROUND(AF24*AV$23,0) -> 0 | AW24: =ROUND(AG24*AW$23,0) -> 18 | AX24: =ROUND(AH24*AX$23,0) -> 0 | AY24: =ROUND(AI24*AY$23,0) -> 38
AC25: 制作 | AD25: 套装 | AE25: 战灵手套 | AF25: 0 | AG25: 27 | AH25: 0 | AI25: 35 | AK25: 制作 | AL25: 套装 | AM25: 灵纹手套 | AN25: =ROUND(AF25*AN$23,0) -> 0 | AO25: =ROUND(AG25*AO$23,0) -> 36 | AP25: =ROUND(AH25*AP$23,0) -> 0 | AQ25: =ROUND(AI25*AQ$23,0) -> 26 | AS25: 制作 | AT25: 套装 | AU25: 战灵手套 | AV25: =ROUND(AF25*AV$23,0) -> 0 | AW25: =ROUND(AG25*AW$23,0) -> 20 | AX25: =ROUND(AH25*AX$23,0) -> 0 | AY25: =ROUND(AI25*AY$23,0) -> 44
AC26: 掉落 | AD26: 套装 | AE26: 勇气之手 | AF26: 0 | AG26: 33 | AH26: 0 | AI26: 45 | AK26: 掉落 | AL26: 套装 | AM26: 暴灵之手 | AN26: =ROUND(AF26*AN$23,0) -> 0 | AO26: =ROUND(AG26*AO$23,0) -> 45 | AP26: =ROUND(AH26*AP$23,0) -> 0 | AQ26: =ROUND(AI26*AQ$23,0) -> 34 | AS26: 掉落 | AT26: 套装 | AU26: 英勇之手 | AV26: =ROUND(AF26*AV$23,0) -> 0 | AW26: =ROUND(AG26*AW$23,0) -> 25 | AX26: =ROUND(AH26*AX$23,0) -> 0 | AY26: =ROUND(AI26*AY$23,0) -> 56
AE28: 腰带
AC29: 掉落 | AD29: 散件 | AE29: 皮质腰带 | AF29: 150 | AG29: 6 | AH29: 10 | AI29: 0 | AK29: 掉落 | AL29: 散件 | AM29: 布腰带 | AN29: =ROUND(AF29*AN$23,-1) -> 80 | AO29: =ROUND(AG29*AO$23,0) -> 8 | AP29: =ROUND(AH29*AP$23,0) -> 8 | AQ29: =ROUND(AI29*AQ$23,0) -> 0 | AS29: 掉落 | AT29: 散件 | AU29: 铜腰带 | AV29: =ROUND(AF29*AV$23,-1) -> 230 | AW29: =ROUND(AG29*AW$23,0) -> 5 | AX29: =ROUND(AH29*AX$23,0) -> 13 | AY29: =ROUND(AI29*AY$23,0) -> 0
AC30: 掉落 | AD30: 散件 | AE30: 大地腰带 | AF30: 375 | AG30: 10 | AH30: 15 | AI30: 0 | AK30: 掉落 | AL30: 散件 | AM30: 生命腰带 | AN30: =ROUND(AF30*AN$23,-1) -> 190 | AO30: =ROUND(AG30*AO$23,0) -> 14 | AP30: =ROUND(AH30*AP$23,0) -> 11 | AQ30: =ROUND(AI30*AQ$23,0) -> 0 | AS30: 掉落 | AT30: 散件 | AU30: 钢铁腰带 | AV30: =ROUND(AF30*AV$23,-1) -> 560 | AW30: =ROUND(AG30*AW$23,0) -> 8 | AX30: =ROUND(AH30*AX$23,0) -> 19 | AY30: =ROUND(AI30*AY$23,0) -> 0
AC31: 制作 | AD31: 套装 | AE31: 战灵腰带 | AF31: 425 | AG31: 12 | AH31: 15 | AI31: 0 | AK31: 制作 | AL31: 套装 | AM31: 灵纹腰带 | AN31: =ROUND(AF31*AN$23,-1) -> 210 | AO31: =ROUND(AG31*AO$23,0) -> 16 | AP31: =ROUND(AH31*AP$23,0) -> 11 | AQ31: =ROUND(AI31*AQ$23,0) -> 0 | AS31: 制作 | AT31: 套装 | AU31: 战灵腰带 | AV31: =ROUND(AF31*AV$23,-1) -> 640 | AW31: =ROUND(AG31*AW$23,0) -> 9 | AX31: =ROUND(AH31*AX$23,0) -> 19 | AY31: =ROUND(AI31*AY$23,0) -> 0
AC32: 掉落 | AD32: 套装 | AE32: 勇气之带 | AF32: 525 | AG32: 18 | AH32: 30 | AI32: 0 | AK32: 掉落 | AL32: 套装 | AM32: 暴灵之带 | AN32: =ROUND(AF32*AN$23,-1) -> 260 | AO32: =ROUND(AG32*AO$23,0) -> 24 | AP32: =ROUND(AH32*AP$23,0) -> 23 | AQ32: =ROUND(AI32*AQ$23,0) -> 0 | AS32: 掉落 | AT32: 套装 | AU32: 英勇之带 | AV32: =ROUND(AF32*AV$23,-1) -> 790 | AW32: =ROUND(AG32*AW$23,0) -> 14 | AX32: =ROUND(AH32*AX$23,0) -> 38 | AY32: =ROUND(AI32*AY$23,0) -> 0
AE34: 布靴
AC35: 掉落 | AD35: 散件 | AE35: 皮质靴子 | AF35: 0 | AG35: 12 | AH35: 0 | AI35: 12 | AK35: 掉落 | AL35: 散件 | AM35: 布靴 | AN35: =ROUND(AF35*AN$23,-1) -> 0 | AO35: =ROUND(AG35*AO$23,0) -> 16 | AP35: =ROUND(AH35*AP$23,0) -> 0 | AQ35: =ROUND(AI35*AQ$23,0) -> 9 | AS35: 掉落 | AT35: 散件 | AU35: 岩石靴子 | AV35: =ROUND(AF35*AV$23,-1) -> 0 | AW35: =ROUND(AG35*AW$23,0) -> 9 | AX35: =ROUND(AH35*AX$23,0) -> 0 | AY35: =ROUND(AI35*AY$23,0) -> 15
AC36: 掉落 | AD36: 散件 | AE36: 银光靴 | AF36: 0 | AG36: 20 | AH36: 0 | AI36: 20 | AK36: 掉落 | AL36: 散件 | AM36: 宝石靴子 | AN36: =ROUND(AF36*AN$23,-1) -> 0 | AO36: =ROUND(AG36*AO$23,0) -> 27 | AP36: =ROUND(AH36*AP$23,0) -> 0 | AQ36: =ROUND(AI36*AQ$23,0) -> 15 | AS36: 掉落 | AT36: 散件 | AU36: 力量战靴 | AV36: =ROUND(AF36*AV$23,-1) -> 0 | AW36: =ROUND(AG36*AW$23,0) -> 15 | AX36: =ROUND(AH36*AX$23,0) -> 0 | AY36: =ROUND(AI36*AY$23,0) -> 25
AC37: 制作 | AD37: 套装 | AE37: 战灵靴子 | AF37: 0 | AG37: 22 | AH37: 0 | AI37: 23 | AK37: 制作 | AL37: 套装 | AM37: 灵纹靴子 | AN37: =ROUND(AF37*AN$23,-1) -> 0 | AO37: =ROUND(AG37*AO$23,0) -> 30 | AP37: =ROUND(AH37*AP$23,0) -> 0 | AQ37: =ROUND(AI37*AQ$23,0) -> 17 | AS37: 制作 | AT37: 套装 | AU37: 战灵靴子 | AV37: =ROUND(AF37*AV$23,-1) -> 0 | AW37: =ROUND(AG37*AW$23,0) -> 17 | AX37: =ROUND(AH37*AX$23,0) -> 0 | AY37: =ROUND(AI37*AY$23,0) -> 29
AC38: 掉落 | AD38: 套装 | AE38: 勇气之靴 | AF38: 0 | AG38: 28 | AH38: 0 | AI38: 30 | AK38: 掉落 | AL38: 套装 | AM38: 暴灵之靴 | AN38: =ROUND(AF38*AN$23,-1) -> 0 | AO38: =ROUND(AG38*AO$23,0) -> 38 | AP38: =ROUND(AH38*AP$23,0) -> 0 | AQ38: =ROUND(AI38*AQ$23,0) -> 23 | AS38: 掉落 | AT38: 套装 | AU38: 英勇之靴 | AV38: =ROUND(AF38*AV$23,-1) -> 0 | AW38: =ROUND(AG38*AW$23,0) -> 21 | AX38: =ROUND(AH38*AX$23,0) -> 0 | AY38: =ROUND(AI38*AY$23,0) -> 38
AE40: 长裤
AC41: 掉落 | AD41: 散件 | AE41: 皮质护腿 | AF41: 550 | AG41: 15 | AH41: 5 | AI41: 5 | AK41: 掉落 | AL41: 散件 | AM41: 麻布护腿 | AN41: =ROUND(AF41*AN$23,-1) -> 280 | AO41: =ROUND(AG41*AO$23,0) -> 20 | AP41: =ROUND(AH41*AP$23,0) -> 4 | AQ41: =ROUND(AI41*AQ$23,0) -> 4 | AS41: 掉落 | AT41: 散件 | AU41: 矿工护腿 | AV41: =ROUND(AF41*AV$23,-1) -> 830 | AW41: =ROUND(AG41*AW$23,0) -> 11 | AX41: =ROUND(AH41*AX$23,0) -> 6 | AY41: =ROUND(AI41*AY$23,0) -> 6
AC42: 掉落 | AD42: 散件 | AE42: 暴风长裤 | AF42: 920 | AG42: 28 | AH42: 8 | AI42: 8 | AK42: 掉落 | AL42: 散件 | AM42: 火焰长裤 | AN42: =ROUND(AF42*AN$23,-1) -> 460 | AO42: =ROUND(AG42*AO$23,0) -> 38 | AP42: =ROUND(AH42*AP$23,0) -> 6 | AQ42: =ROUND(AI42*AQ$23,0) -> 6 | AS42: 掉落 | AT42: 散件 | AU42: 力量长裤 | AV42: =ROUND(AF42*AV$23,-1) -> 1380 | AW42: =ROUND(AG42*AW$23,0) -> 21 | AX42: =ROUND(AH42*AX$23,0) -> 10 | AY42: =ROUND(AI42*AY$23,0) -> 10
AC43: 制作 | AD43: 套装 | AE43: 战灵护腿 | AF43: 1050 | AG43: 32 | AH43: 10 | AI43: 10 | AK43: 制作 | AL43: 套装 | AM43: 灵纹护腿 | AN43: =ROUND(AF43*AN$23,-1) -> 530 | AO43: =ROUND(AG43*AO$23,0) -> 43 | AP43: =ROUND(AH43*AP$23,0) -> 8 | AQ43: =ROUND(AI43*AQ$23,0) -> 8 | AS43: 制作 | AT43: 套装 | AU43: 战灵护腿 | AV43: =ROUND(AF43*AV$23,-1) -> 1580 | AW43: =ROUND(AG43*AW$23,0) -> 24 | AX43: =ROUND(AH43*AX$23,0) -> 13 | AY43: =ROUND(AI43*AY$23,0) -> 13
AC44: 掉落 | AD44: 套装 | AE44: 勇气之腿 | AF44: 1315 | AG44: 38 | AH44: 15 | AI44: 15 | AK44: 掉落 | AL44: 套装 | AM44: 暴灵之腿 | AN44: =ROUND(AF44*AN$23,-1) -> 660 | AO44: =ROUND(AG44*AO$23,0) -> 51 | AP44: =ROUND(AH44*AP$23,0) -> 11 | AQ44: =ROUND(AI44*AQ$23,0) -> 11 | AS44: 掉落 | AT44: 套装 | AU44: 英勇之腿 | AV44: =ROUND(AF44*AV$23,-1) -> 1970 | AW44: =ROUND(AG44*AW$23,0) -> 29 | AX44: =ROUND(AH44*AX$23,0) -> 19 | AY44: =ROUND(AI44*AY$23,0) -> 19
AE46: 项链
AC47: 掉落 | AD47: 散件 | AE47: 银项链 | AF47: 0 | AG47: 25 | AH47: 8 | AI47: 0
AC48: 掉落 | AD48: 散件 | AE48: 魔灵铃铛 | AF48: 0 | AG48: 50 | AH48: 12 | AI48: 0
AC49: 制作 | AD49: 散件 | AE49: 精灵之链 | AF49: 0 | AG49: 60 | AH49: 15 | AI49: 0
AC50: 掉落 | AD50: 套装 | AE50: 疾风之链 | AF50: 0 | AG50: 75 | AH50: 23 | AI50: 0
AE52: 戒指
AC53: 制作 | AD53: 散件 | AE53: 银戒指 | AF53: 0 | AG53: 25 | AH53: 0 | AI53: 8
AC54: 掉落 | AD54: 散件 | AE54: 精金戒指 | AF54: 0 | AG54: 50 | AH54: 0 | AI54: 12
AC55: 制作 | AD55: 散件 | AE55: 树王戒指 | AF55: 0 | AG55: 60 | AH55: 0 | AI55: 15
AC56: 掉落 | AD56: 套装 | AE56: 疾风之戒 | AF56: 0 | AG56: 75 | AH56: 0 | AI56: 23
AE58: 饰品
AC59: 掉落 | AD59: 散件 | AE59: 治愈之秋 | AF59: 0 | AG59: 10 | AH59: 0 | AI59: 0
AC60: 制作 | AD60: 散件 | AE60: 森之精灵 | AF60: 0 | AG60: 15 | AH60: 0 | AI60: 0
AC61: 掉落 | AD61: 套装 | AE61: 疾风之灵 | AF61: 0 | AG61: 20 | AH61: 0 | AI61: 0
AE63: 护符
AC64: 制作 | AD64: 散件 | AE64: 耐力护符 | AF64: 840 | AG64: 0 | AH64: 0 | AI64: 0
AC65: 制作 | AD65: 散件 | AE65: 森林护符 | AF65: 1580 | AG65: 0 | AH65: 0 | AI65: 0
AC66: 制作 | AD66: 套装 | AE66: 疾风之符 | AF66: 2100 | AG66: 0 | AH66: 0 | AI66: 0
AE68: 武器
AC69: 掉落 | AD69: 散件 | AE69: 短木剑 | AF69: 0 | AG69: 70 | AH69: 0 | AI69: 0 | AM69: 钢刀 | AN69: 0 | AO69: 70 | AP69: 0 | AQ69: 0
AC70: 制作 | AD70: 散件 | AE70: 精金剑 | AF70: 0 | AG70: 130 | AH70: 0 | AI70: 0 | AM70: 精钢刀 | AN70: 0 | AO70: 130 | AP70: 0 | AQ70: 0
AC71: 掉落 | AD71: 散件套装 | AE71: 战灵战刃 | AF71: 0 | AG71: 175 | AH71: 0 | AI71: 0 | AM71: 战灵之刃 | AN71: 0 | AO71: 175 | AP71: 0 | AQ71: 0
AC72: 掉落 | AD72: 套装 | AE72: 疾风之剑 | AF72: 0 | AG72: 210 | AH72: 0 | AI72: 0 | AM72: 疾风之刀 | AN72: 0 | AO72: 210 | AP72: 0 | AQ72: 0
AE74: 衣服
AC75: 掉落 | AD75: 散件 | AE75: 小皮衣 | AF75: 520 | AG75: 0 | AH75: 12 | AI75: 12 | AK75: 掉落 | AL75: 散件 | AM75: 麻布衣 | AN75: =ROUND(AF75*AN$23,-1) -> 260 | AO75: =ROUND(AG75*AO$23,0) -> 0 | AP75: =ROUND(AH75*AP$23,0) -> 9 | AQ75: =ROUND(AI75*AQ$23,0) -> 9 | AS75: 掉落 | AT75: 散件 | AU75: 重盔甲 | AV75: =ROUND(AN75*AV$23,-1) -> 390 | AW75: =ROUND(AG75*AW$23,0) -> 0 | AX75: =ROUND(AH75*AX$23,0) -> 15 | AY75: =ROUND(AI75*AY$23,0) -> 15
AC76: 制作 | AD76: 散件套装 | AE76: 妖灵护甲 | AF76: 920 | AG76: 0 | AH76: 24 | AI76: 24 | AK76: 制作 | AL76: 散件套装 | AM76: 符文护甲 | AN76: =ROUND(AF76*AN$23,-1) -> 460 | AO76: =ROUND(AG76*AO$23,0) -> 0 | AP76: =ROUND(AH76*AP$23,0) -> 18 | AQ76: =ROUND(AI76*AQ$23,0) -> 18 | AS76: 制作 | AT76: 散件套装 | AU76: 玄铁战甲 | AV76: =ROUND(AN76*AV$23,-1) -> 690 | AW76: =ROUND(AG76*AW$23,0) -> 0 | AX76: =ROUND(AH76*AX$23,0) -> 30 | AY76: =ROUND(AI76*AY$23,0) -> 30
AC77: 制作 | AD77: 散件套装 | AE77: 战灵护甲 | AF77: 1080 | AG77: 0 | AH77: 28 | AI77: 28 | AK77: 制作 | AL77: 散件套装 | AM77: 灵纹护甲 | AN77: =ROUND(AF77*AN$23,-1) -> 540 | AO77: =ROUND(AG77*AO$23,0) -> 0 | AP77: =ROUND(AH77*AP$23,0) -> 21 | AQ77: =ROUND(AI77*AQ$23,0) -> 21 | AS77: 制作 | AT77: 散件套装 | AU77: 战灵护甲 | AV77: =ROUND(AN77*AV$23,-1) -> 810 | AW77: =ROUND(AG77*AW$23,0) -> 0 | AX77: =ROUND(AH77*AX$23,0) -> 35 | AY77: =ROUND(AI77*AY$23,0) -> 35
AC78: 制作 | AD78: 套装 | AE78: 勇气之甲 | AF78: 1315 | AG78: 0 | AH78: 38 | AI78: 38 | AK78: 制作 | AL78: 套装 | AM78: 暴灵之甲 | AN78: =ROUND(AF78*AN$23,-1) -> 660 | AO78: =ROUND(AG78*AO$23,0) -> 0 | AP78: =ROUND(AH78*AP$23,0) -> 29 | AQ78: =ROUND(AI78*AQ$23,0) -> 29 | AS78: 制作 | AT78: 套装 | AU78: 英勇之甲 | AV78: =ROUND(AN78*AV$23,-1) -> 990 | AW78: =ROUND(AG78*AW$23,0) -> 0 | AX78: =ROUND(AH78*AX$23,0) -> 48 | AY78: =ROUND(AI78*AY$23,0) -> 48

Sheet 特殊装备
J4: 新增特殊制造 | K4: 用途 | L4: 制造装备 | M4: 特性 | O4: 特性 | W4: 最小值 | X4: 最大值 | Y4: 实际数量 | Z4: 最大值 | AC4: 1 武器
C5: 攻速之爪 | D5: 攻击速度提升5% | I5: 锻造 | J5: 锭 | K5: 制造装备 | L5: 武器护甲制造 | M5: 鉴定书 | S5: 分解装备获得材料 | V5: 1 | W5: 1 | X5: 3 | Y5: =(W5+X5)/2 -> 2 | Z5: 3 | AC5: 2 衣服
C6: 疾驰之靴 | D6: 移动速度提升5% | I6: 裁缝 | J6: 布 | K6: 制造装备 | L6: 衣服防具制造 | S6: 分解装备获得材料 | V6: 2 | W6: 1 | X6: 4 | Y6: =(W6+X6)/2 -> 2.5 | Z6: 4 | AC6: 3 护符
C7: 墨竹之链 | D7: 移动速度提升2% | I7: 炼金 | J7: 石 | K7: 制造装备 | L7: 项链戒指制作 | M7: 药剂合计 | S7: 分解装备获得材料 | V7: 3 | W7: 2 | X7: 4 | Y7: =(W7+X7)/2 -> 3 | Z7: 4 | AC7: 4 戒指
D8: 技能+1 | I8: 附魔 | J8: 尘 | K8: 附魔装备 | O8: 附魔属性 | Q8: 附魔图纸掉落 | S8: 分解装备获得材料 | V8: 4 | W8: 2 | X8: 5 | Y8: =(W8+X8)/2 -> 3.5 | Z8: 5 | AC8: 5 饰品
B9: 武器 | D9: 使用召唤你的南瓜士兵 | V9: 5 | W9: 3 | X9: 5 | Y9: =(W9+X9)/2 -> 4 | Z9: 5 | AC9: 6 鞋子
C10: 反伤甲胄 | D10: 使用后反弹当前所有受到的伤害给与攻击方 | I10: 锻造 | J10: 磨刀石 | K10: 可以给武器临时附加属性 | AC10: 7 裤子
D11: 防御降低10%,造成伤害提升5% | I11: 裁缝 | J11: 金丝魔线 | K11: 项链和戒指FM | AC11: 8 腰带
D12: 魔法免疫 | I12: 炼金 | J12: 制造饰品 | K12: 属性加成较高的饰品 | Q12: 每天额外制造 | AC12: 9 手镯
D13: 攻击有概率削弱目标防御 | I13: 附魔 | K13: 饰品装备FM | AC13: 10 头盔
K14: 附魔师的精华 | AC14: 11 项链
K15: 转化2比1转换1转换其他材料 | O15: 裁缝在额外制造一个装备？
J17: 攻击强度
Q18: 炼金 | U18: 附魔
I19: 磨刀石 | J19: 暴击等级随机提升50-200点 | L19: 金丝魔线 | M19: 给项链随机附加10-50点法术强度 | P19: 绑定 | Q19: 智力之石 | R19: 智力+20点 法术强度+30 | U19: 头盔 | V19: 攻击 | W19: 攻击提升10-60点 | X19: 10 | Y19: 100403 | Z19: 10 | AA19: 60 | AB19: =X19&"@"&Y19&";"&Z19&";"&AA19 -> 10@100403;10;60 | AC19: 头盔 | AE19: 攻击提升30-100点 | AF19: 10 | AG19: 100403 | AH19: 30 | AI19: 100 | AJ19: =AF19&"@"&AG19&";"&AH19&";"&AI19 -> 10@100403;30;100 | AK19: 头盔 | AM19: 攻击提升50-150点 | AN19: 10 | AO19: 100403 | AP19: 50 | AQ19: 150 | AR19: =AN19&"@"&AO19&";"&AP19&";"&AQ19 -> 10@100403;50;150
I20: 磨刀石 | J20: 命中等级随机提升50-200点 | L20: 天蓝魔线 | M20: 给项链随机附加10-50点攻击强度 | Q20: 力量之石 | R20: 力量+20点 攻击强度+30 | V20: 暴击 | W20: 暴击等级提升10-50点 | X20: 10 | Y20: 119103 | Z20: 10 | AA20: 50 | AB20: =X20&"@"&Y20&";"&Z20&";"&AA20 -> 10@119103;10;50 | AE20: 暴击等级提升30-75点 | AF20: 10 | AG20: 119103 | AH20: 30 | AI20: 75 | AJ20: =AF20&"@"&AG20&";"&AH20&";"&AI20 -> 10@119103;30;75 | AM20: 暴击等级提升30-100点 | AN20: 10 | AO20: 119103 | AP20: 30 | AQ20: 100 | AR20: =AN20&"@"&AO20&";"&AP20&";"&AQ20 -> 10@119103;30;100
I21: 磨刀石 | J21: 闪避等级随机提升50-200点 | L21: 金丝魔环 | M21: 给戒指随机附加10-50点法术强度 | V21: 格挡 | W21: 格挡值提升50-100 | X21: 10 | Y21: 110103 | Z21: 50 | AA21: 100 | AB21: =X21&"@"&Y21&";"&Z21&";"&AA21 -> 10@110103;50;100 | AE21: 物理闪避提升1%-3% | AF21: 10 | AG21: 110103 | AH21: 0.01 | AI21: 0.03 | AJ21: =AF21&"@"&AG21&";"&AH21&";"&AI21 -> 10@110103;0.01;0.03 | AM21: 重击概率提升1%-3% | AN21: 10 | AO21: 110103 | AP21: 0.01 | AQ21: 0.03 | AR21: =AN21&"@"&AO21&";"&AP21&";"&AQ21 -> 10@110103;0.01;0.03
I22: 磨刀石 | J22: 韧性等级随机提升50-200点 | L22: 天蓝魔环 | M22: 给戒指随机附加10-50点攻击强度
U23: 衣服 | V23: 生命 | W23: 生命提升50-300点 | X23: 2 | Y23: 100203 | Z23: 50 | AA23: 300 | AB23: =X23&"@"&Y23&";"&Z23&";"&AA23 -> 2@100203;50;300 | AC23: 衣服 | AE23: 生命提升150-500点 | AF23: 2 | AG23: 100203 | AH23: 150 | AI23: 500 | AJ23: =AF23&"@"&AG23&";"&AH23&";"&AI23 -> 2@100203;150;500 | AK23: 衣服 | AM23: 生命提升250-750点 | AN23: 2 | AO23: 100203 | AP23: 250 | AQ23: 750 | AR23: =AN23&"@"&AO23&";"&AP23&";"&AQ23 -> 2@100203;250;750
I24: 精钢磨刀石 | J24: 暴击等级随机提升100-250点 | L24: 金色魔线 | M24: 给项链随机附加30-80点法术强度 | Q24: 灵魂之石 | R24: 智力+30点 法术强度+50 | W24: 闪避等级提升10-50点 | X24: 2 | Y24: 119403 | Z24: 10 | AA24: 50 | AB24: =X24&"@"&Y24&";"&Z24&";"&AA24 -> 2@119403;10;50 | AE24: 闪避等级提升30-75点 | AF24: 2 | AG24: 119403 | AH24: 30 | AI24: 75 | AJ24: =AF24&"@"&AG24&";"&AH24&";"&AI24 -> 2@119403;30;75 | AM24: 闪避等级提升30-100点 | AN24: 2 | AO24: 119403 | AP24: 30 | AQ24: 100 | AR24: =AN24&"@"&AO24&";"&AP24&";"&AQ24 -> 2@119403;30;100
I25: 精钢磨刀石 | J25: 命中等级随机提升100-250点 | L25: 碧蓝魔线 | M25: 给项链随机附加30-80点攻击强度 | Q25: 试炼之石 | R25: 力量+30点 攻击强度+50 | W25: 韧性提升1-3% | X25: 2 | Y25: 200403 | Z25: 0.01 | AA25: 0.03 | AB25: =X25&"@"&Y25&";"&Z25&";"&AA25 -> 2@200403;0.01;0.03 | AE25: 魔法闪避提升1%-3% | AF25: 2 | AG25: 204603 | AH25: 0.01 | AI25: 0.03 | AJ25: =AF25&"@"&AG25&";"&AH25&";"&AI25 -> 2@204603;0.01;0.03 | AM25: 伤害加成提升1-3% | AN25: 2 | AO25: 200503 | AP25: 0.01 | AQ25: 0.03 | AR25: =AN25&"@"&AO25&";"&AP25&";"&AQ25 -> 2@200503;0.01;0.03
I26: 精钢磨刀石 | J26: 闪避等级随机提升100-250点 | L26: 金色魔环 | M26: 给戒指随机附加30-80点法术强度
I27: 精钢磨刀石 | J27: 韧性等级随机提升100-250点 | L27: 碧蓝魔环 | M27: 给戒指随机附加30-80点攻击强度 | U27: 手套 | W27: 忽视目标防御10-60点 | X27: 9 | Y27: 118103 | Z27: 10 | AA27: 60 | AB27: =X27&"@"&Y27&";"&Z27&";"&AA27 -> 9@118103;10;60 | AC27: 手套 | AE27: 忽视目标防御30-100点 | AF27: 9 | AG27: 118103 | AH27: 30 | AI27: 100 | AJ27: =AF27&"@"&AG27&";"&AH27&";"&AI27 -> 9@118103;30;100 | AK27: 手套 | AM27: 忽视目标防御50-150点 | AN27: 9 | AO27: 118103 | AP27: 50 | AQ27: 150 | AR27: =AN27&"@"&AO27&";"&AP27&";"&AQ27 -> 9@118103;50;150
W28: 忽视目标魔防10-60点 | X28: 9 | Y28: 118203 | Z28: 10 | AA28: 60 | AB28: =X28&"@"&Y28&";"&Z28&";"&AA28 -> 9@118203;10;60 | AE28: 忽视目标魔防30-100点 | AF28: 9 | AG28: 118203 | AH28: 30 | AI28: 75 | AJ28: =AF28&"@"&AG28&";"&AH28&";"&AI28 -> 9@118203;30;75 | AM28: 忽视目标魔防50-150点 | AN28: 9 | AO28: 118203 | AP28: 50 | AQ28: 150 | AR28: =AN28&"@"&AO28&";"&AP28&";"&AQ28 -> 9@118203;50;150
D29: 61011204 | E29: 回旋击 | I29: 锋利磨刀石 | J29: 暴击等级随机提升150-300点 | L29: 辉煌魔线 | M29: 给项链随机附加50-120点法术强度 | Q29: 光灵之石 | R29: 智力+50点 法术强度+80 | W29: 冷却时间缩减1-3% | X29: 9 | Y29: 203603 | Z29: 0.01 | AA29: 0.03 | AB29: =X29&"@"&Y29&";"&Z29&";"&AA29 -> 9@203603;0.01;0.03 | AE29: 攻击速度提升1%-3% | AF29: 9 | AG29: 205003 | AH29: 0.01 | AI29: 0.03 | AJ29: =AF29&"@"&AG29&";"&AH29&";"&AI29 -> 9@205003;0.01;0.03 | AM29: 固定伤害提升50-150点 | AN29: 9 | AO29: 110303 | AP29: 50 | AQ29: 150 | AR29: =AN29&"@"&AO29&";"&AP29&";"&AQ29 -> 9@110303;50;150
D30: 61012204 | E30: 旋风击 | I30: 锋利磨刀石 | J30: 命中等级随机提升150-300点 | L30: 闪光魔线 | M30: 给项链随机附加50-120点攻击强度 | Q30: 勇猛之石 | R30: 力量+50点 攻击强度+80
G31: 战士石魔法书 | I31: 锋利磨刀石 | J31: 闪避等级随机提升150-300点 | L31: 辉煌魔环 | M31: 给戒指随机附加50-120点法术强度 | U31: 腰带 | W31: 耐力提升3-12点 | X31: 8 | Y31: 105403 | Z31: 3 | AA31: 12 | AB31: =X31&"@"&Y31&";"&Z31&";"&AA31 -> 8@105403;3;12 | AC31: 腰带 | AE31: 耐力提升5-20点 | AF31: 8 | AG31: 105403 | AH31: 5 | AI31: 20 | AJ31: =AF31&"@"&AG31&";"&AH31&";"&AI31 -> 8@105403;5;20 | AK31: 腰带 | AM31: 耐力提升8-30点 | AN31: 8 | AO31: 105403 | AP31: 8 | AQ31: 30 | AR31: =AN31&"@"&AO31&";"&AP31&";"&AQ31 -> 8@105403;8;30
I32: 锋利磨刀石 | J32: 韧性等级随机提升150-300点 | L32: 闪光魔环 | M32: 给戒指随机附加50-120点攻击强度 | W32: 敏捷提升3-12点 | X32: 8 | Y32: 105203 | Z32: 3 | AA32: 12 | AB32: =X32&"@"&Y32&";"&Z32&";"&AA32 -> 8@105203;3;12 | AE32: 敏捷提升5-20点 | AF32: 8 | AG32: 105203 | AH32: 5 | AI32: 20 | AJ32: =AF32&"@"&AG32&";"&AH32&";"&AI32 -> 8@105203;5;20 | AM32: 敏捷提升8-30点 | AN32: 8 | AO32: 105203 | AP32: 8 | AQ32: 30 | AR32: =AN32&"@"&AO32&";"&AP32&";"&AQ32 -> 8@105203;8;30
W33: 体质提升3-12点 | X33: 8 | Y33: 105503 | Z33: 3 | AA33: 12 | AB33: =X33&"@"&Y33&";"&Z33&";"&AA33 -> 8@105503;3;12 | AE33: 体质提升5-20点 | AF33: 8 | AG33: 105503 | AH33: 5 | AI33: 20 | AJ33: =AF33&"@"&AG33&";"&AH33&";"&AI33 -> 8@105503;5;20 | AM33: 体质提升8-30点 | AN33: 8 | AO33: 105503 | AP33: 8 | AQ33: 30 | AR33: =AN33&"@"&AO33&";"&AP33&";"&AQ33 -> 8@105503;8;30
W34: 命中率提升1%-3% | X34: 8 | Y34: 200203 | Z34: 0.01 | AA34: 0.03 | AB34: =X34&"@"&Y34&";"&Z34&";"&AA34 -> 8@200203;0.01;0.03 | AE34: 冷却时间缩减1-3% | AF34: 8 | AG34: 203603 | AH34: 0.01 | AI34: 0.03 | AJ34: =AF34&"@"&AG34&";"&AH34&";"&AI34 -> 8@203603;0.01;0.03 | AM34: 生命上限提升1%-3% | AN34: 8 | AO34: 100202 | AP34: 0.01 | AQ34: 0.03 | AR34: =AN34&"@"&AO34&";"&AP34&";"&AQ34 -> 8@100202;0.01;0.03
G36: 15个 | U36: 裤子 | W36: 力量提升3-12点 | X36: 7 | Y36: 105103 | Z36: 3 | AA36: 12 | AB36: =X36&"@"&Y36&";"&Z36&";"&AA36 -> 7@105103;3;12 | AC36: 裤子 | AE36: 力量提升5-20点 | AF36: 7 | AG36: 105103 | AH36: 5 | AI36: 20 | AJ36: =AF36&"@"&AG36&";"&AH36&";"&AI36 -> 7@105103;5;20 | AK36: 裤子 | AM36: 力量提升8-30点 | AN36: 7 | AO36: 105103 | AP36: 8 | AQ36: 30 | AR36: =AN36&"@"&AO36&";"&AP36&";"&AQ36 -> 7@105103;8;30
W37: 智力提升3-12点 | X37: 7 | Y37: 105303 | Z37: 3 | AA37: 12 | AB37: =X37&"@"&Y37&";"&Z37&";"&AA37 -> 7@105303;3;12 | AE37: 智力提升5-20点 | AF37: 7 | AG37: 105303 | AH37: 5 | AI37: 20 | AJ37: =AF37&"@"&AG37&";"&AH37&";"&AI37 -> 7@105303;5;20 | AM37: 智力提升8-30点 | AN37: 7 | AO37: 105303 | AP37: 8 | AQ37: 30 | AR37: =AN37&"@"&AO37&";"&AP37&";"&AQ37 -> 7@105303;8;30
W38: 体质提升3-12点 | X38: 7 | Y38: 105503 | Z38: 3 | AA38: 12 | AB38: =X38&"@"&Y38&";"&Z38&";"&AA38 -> 7@105503;3;12 | AE38: 体质提升5-20点 | AF38: 7 | AG38: 105503 | AH38: 5 | AI38: 20 | AJ38: =AF38&"@"&AG38&";"&AH38&";"&AI38 -> 7@105503;5;20 | AM38: 体质提升8-30点 | AN38: 7 | AO38: 105503 | AP38: 8 | AQ38: 30 | AR38: =AN38&"@"&AO38&";"&AP38&";"&AQ38 -> 7@105503;8;30
W39: 真实伤害提升10-60点 | X39: 7 | Y39: 110303 | Z39: 10 | AA39: 60 | AB39: =X39&"@"&Y39&";"&Z39&";"&AA39 -> 7@110303;10;60 | AE39: 物理伤害加成提升1%-3% | AF39: 7 | AG39: 200503 | AH39: 0.01 | AI39: 0.03 | AJ39: =AF39&"@"&AG39&";"&AH39&";"&AI39 -> 7@200503;0.01;0.03 | AM39: 魔法伤害加成提升1%-3% | AN39: 7 | AO39: 200603 | AP39: 0.01 | AQ39: 0.03 | AR39: =AN39&"@"&AO39&";"&AP39&";"&AQ39 -> 7@200603;0.01;0.03
B40: 14060005 | C40: 传承:新月神链 | D40: 攻击速度提升5% | E40: ="效果:"&D40 -> 效果:攻击速度提升5% | F40: 1 | G40: 119103 | H40: 50 | I40: 200 | J40: =F40&"@"&G40&";"&H40&";"&I40 -> 1@119103;50;200 | K40: 11 | L40: 120703 | M40: 10 | N40: 50 | O40: =K40&"@"&L40&";"&M40&";"&N40 -> 11@120703;10;50
B41: 14100011 | C41: 传承:勇者的无畏 | D41: 旋风击+1 | E41: ="效果:"&D41 -> 效果:旋风击+1 | F41: 1 | G41: 119303 | H41: 50 | I41: 200 | J41: =F41&"@"&G41&";"&H41&";"&I41 -> 1@119303;50;200 | K41: 11 | L41: 120703 | M41: 10 | N41: 50 | O41: =K41&"@"&L41&";"&M41&";"&N41 -> 11@120703;10;50 | U41: 鞋子 | W41: 物防提升10-60点 | X41: 6 | Y41: 100503 | Z41: 10 | AA41: 60 | AB41: =X41&"@"&Y41&";"&Z41&";"&AA41 -> 6@100503;10;60 | AC41: 鞋子 | AE41: 物防提升30-100点 | AF41: 6 | AG41: 100503 | AH41: 30 | AI41: 100 | AJ41: =AF41&"@"&AG41&";"&AH41&";"&AI41 -> 6@100503;30;100 | AK41: 鞋子 | AM41: 物防提升50-150点 | AN41: 6 | AO41: 100503 | AP41: 50 | AQ41: 150 | AR41: =AN41&"@"&AO41&";"&AP41&";"&AQ41 -> 6@100503;50;150
B42: 14100012 | C42: 传承:勇者的意志 | D42: 攻击恢复当前造成伤害的5% | E42: ="效果:"&D42 -> 效果:攻击恢复当前造成伤害的5% | F42: 1 | G42: 119403 | H42: 50 | I42: 200 | J42: =F42&"@"&G42&";"&H42&";"&I42 -> 1@119403;50;200 | K42: 4 | L42: 120603 | M42: 10 | N42: 50 | O42: =K42&"@"&L42&";"&M42&";"&N42 -> 4@120603;10;50 | W42: 魔防提升10-60点 | X42: 6 | Y42: 100603 | Z42: 10 | AA42: 60 | AB42: =X42&"@"&Y42&";"&Z42&";"&AA42 -> 6@100603;10;60 | AE42: 魔防提升30-100点 | AF42: 6 | AG42: 100603 | AH42: 30 | AI42: 100 | AJ42: =AF42&"@"&AG42&";"&AH42&";"&AI42 -> 6@100603;30;100 | AM42: 魔防提升50-150点 | AN42: 6 | AO42: 100603 | AP42: 50 | AQ42: 150 | AR42: =AN42&"@"&AO42&";"&AP42&";"&AQ42 -> 6@100603;50;150
B43: 14100111 | C43: 传承:守护者的神杖 | D43: 攻击概率提升自身10%攻击,持续6秒 | E43: ="效果:"&D43 -> 效果:攻击概率提升自身10%攻击,持续6秒 | F43: 1 | G43: 119203 | H43: 50 | I43: 200 | J43: =F43&"@"&G43&";"&H43&";"&I43 -> 1@119203;50;200 | K43: 4 | L43: 120603 | M43: 10 | N43: 50 | O43: =K43&"@"&L43&";"&M43&";"&N43 -> 4@120603;10;50 | V43: 野猪之速 | W43: 移动速度提升1%-3% | X43: 6 | Y43: 100903 | Z43: 0.01 | AA43: 0.03 | AB43: =X43&"@"&Y43&";"&Z43&";"&AA43 -> 6@100903;0.01;0.03 | AE43: 暴击概率提升1-3% | AF43: 6 | AG43: 200103 | AH43: 0.01 | AI43: 0.03 | AJ43: =AF43&"@"&AG43&";"&AH43&";"&AI43 -> 6@200103;0.01;0.03 | AM43: 闪避率+1-3% | AN43: 6 | AO43: 200303 | AP43: 0.01 | AQ43: 0.03 | AR43: =AN43&"@"&AO43&";"&AP43&";"&AQ43 -> 6@200303;0.01;0.03
B44: 14100112 | C44: 传承:圣灵的魔法书 | D44: 守护之击+1 | E44: ="效果:"&D44 -> 效果:守护之击+1 | F44: 1 | G44: 119103 | H44: 100 | I44: 250 | J44: =F44&"@"&G44&";"&H44&";"&I44 -> 1@119103;100;250 | K44: 11 | L44: 120703 | M44: 30 | N44: 80 | O44: =K44&"@"&L44&";"&M44&";"&N44 -> 11@120703;30;80
B45: 14110021 | C45: 传承:疾风者的疯狂 | D45: 有5%概率躲避敌人的法术攻击 | E45: ="效果:"&D45 -> 效果:有5%概率躲避敌人的法术攻击 | F45: 1 | G45: 119303 | H45: 100 | I45: 250 | J45: =F45&"@"&G45&";"&H45&";"&I45 -> 1@119303;100;250 | K45: 11 | L45: 120703 | M45: 30 | N45: 80 | O45: =K45&"@"&L45&";"&M45&";"&N45 -> 11@120703;30;80
B46: 14110022 | C46: 传承:圣域的记忆 | D46: 有5%概率躲避敌人的物理攻击 | E46: ="效果:"&D46 -> 效果:有5%概率躲避敌人的物理攻击 | F46: 1 | G46: 119403 | H46: 100 | I46: 250 | J46: =F46&"@"&G46&";"&H46&";"&I46 -> 1@119403;100;250 | K46: 4 | L46: 120603 | M46: 30 | N46: 80 | O46: =K46&"@"&L46&";"&M46&";"&N46 -> 4@120603;30;80
B47: 14110023 | C47: 传承:米希尔之力 | D47: 提升自身5%的最大生命值 | E47: ="效果:"&D47 -> 效果:提升自身5%的最大生命值 | F47: 1 | G47: 119203 | H47: 100 | I47: 250 | J47: =F47&"@"&G47&";"&H47&";"&I47 -> 1@119203;100;250 | K47: 4 | L47: 120603 | M47: 30 | N47: 80 | O47: =K47&"@"&L47&";"&M47&";"&N47 -> 4@120603;30;80
F48: 1 | G48: 119103 | H48: 150 | I48: 300 | J48: =F48&"@"&G48&";"&H48&";"&I48 -> 1@119103;150;300 | K48: 11 | L48: 120703 | M48: 50 | N48: 120 | O48: =K48&"@"&L48&";"&M48&";"&N48 -> 11@120703;50;120
F49: 1 | G49: 119303 | H49: 150 | I49: 300 | J49: =F49&"@"&G49&";"&H49&";"&I49 -> 1@119303;150;300 | K49: 11 | L49: 120703 | M49: 50 | N49: 120 | O49: =K49&"@"&L49&";"&M49&";"&N49 -> 11@120703;50;120
B50: 15206003 | C50: 传承:恒心使徒的魔链 | D50: 装备:攻击提升100点 | E50: ="效果:"&D50 -> 效果:装备:攻击提升100点 | F50: 1 | G50: 119403 | H50: 150 | I50: 300 | J50: =F50&"@"&G50&";"&H50&";"&I50 -> 1@119403;150;300 | K50: 4 | L50: 120603 | M50: 50 | N50: 120 | O50: =K50&"@"&L50&";"&M50&";"&N50 -> 4@120603;50;120
B51: 15210011 | C51: 传承:碧蓝之歌 | D51: 装备:暴击概率提升5% | E51: ="效果:"&D51 -> 效果:装备:暴击概率提升5% | F51: 1 | G51: 119203 | H51: 150 | I51: 300 | J51: =F51&"@"&G51&";"&H51&";"&I51 -> 1@119203;150;300 | K51: 4 | L51: 120603 | M51: 50 | N51: 120 | O51: =K51&"@"&L51&";"&M51&";"&N51 -> 4@120603;50;120
B52: 15210012 | C52: 传承:有坚不摧之力 | D52: 使用裂波击技能冷却时间减少2秒 | E52: ="效果:"&D52 -> 效果:使用裂波击技能冷却时间减少2秒
B53: 15210111 | C53: 传承:炽热燃烧权杖 | D53: 魔法闪击造成伤害提升50% | E53: ="效果:"&D53 -> 效果:魔法闪击造成伤害提升50%
B54: 15210112 | C54: 传承:毁灭之书 | D54: 攻击忽略目标5%防御 | E54: ="效果:"&D54 -> 效果:攻击忽略目标5%防御
B55: 15211011 | C55: 传承:光之怒 | D55: 所有技能的冷却时间缩减5% | E55: ="效果:"&D55 -> 效果:所有技能的冷却时间缩减5%
B56: 15211012 | C56: 传承:神灵启示者 | D56: 反击伤害+10% | E56: ="效果:"&D56 -> 效果:反击伤害+10%
B57: 15211013 | C57: 传承:降魔护卫者 | D57: 受到攻击有一定概率恢复自身的生命值 | E57: ="效果:"&D57 -> 效果:受到攻击有一定概率恢复自身的生命值
B59: 15306003 | C59: 传承:末日的启示者 | D59: 移动速度提升5% | E59: ="效果:"&D59 -> 效果:移动速度提升5%
B60: 15310011 | C60: 传承:寒冰使者的佩剑 | D60: 使用裂地击会附加2秒眩晕效果 | E60: ="效果:"&D60 -> 效果:使用裂地击会附加2秒眩晕效果 | H60: 攻击概率提升自身10%攻击,持续6秒
B61: 15310012 | C61: 传承:黎明的护卫者 | D61: 使用裂波击技能伤害提升50% | E61: ="效果:"&D61 -> 效果:使用裂波击技能伤害提升50%
B62: 15310111 | C62: 传承:冰灵惩戒之杖 | D62: 龙卷雨击+1 | E62: ="效果:"&D62 -> 效果:龙卷雨击+1
B63: 15310112 | C63: 传承:王者的愤怒 | D63: 冰锥之击会额外对目标造成2秒眩晕 | E63: ="效果:"&D63 -> 效果:冰锥之击会额外对目标造成2秒眩晕
B64: 15311011 | C64: 传承:正义的呼唤 | D64: 暴击概率提升5% | E64: ="效果:"&D64 -> 效果:暴击概率提升5%
B65: 15311012 | C65: 传承:暴灵的守护 | D65: 攻击提升5% | E65: ="效果:"&D65 -> 效果:攻击提升5%
B66: 15311013 | C66: 传承:神官的黄昏 | D66: 受到伤害有概率对目标造成1000点伤害 | E66: ="效果:"&D66 -> 效果:受到伤害有概率对目标造成1000点伤害 | I66: 职业 | M66: =100/(5000+250*20) -> 0.01
H67: 10 | I67: 1 | J67: 布甲
I68: 2
I69: 3
B70: 15406003 | C70: 传承:女王项链 | D70: 攻击有概率使自身攻击速度提升30%,持续5秒 | E70: ="效果:"&D70 -> 效果:攻击有概率使自身攻击速度提升30%,持续5秒 | H70: 20 | I70: 1
B71: 15410011 | C71: 传承:黑暗毁灭者 | D71: 使用跳跃击技能会使自身移动速度提升30%,持续3秒 | E71: ="效果:"&D71 -> 效果:使用跳跃击技能会使自身移动速度提升30%,持续3秒 | I71: 2
B72: 15410012 | C72: 传承:末日的决战 | D72: 回旋击+1 | E72: ="效果:"&D72 -> 效果:回旋击+1 | F72: 其他技能+1 | I72: 3
B73: 15410111 | C73: 传承:堕落的使者 | D73: 守护之击冷却时间缩减2秒 | E73: ="效果:"&D73 -> 效果:守护之击冷却时间缩减2秒 | H73: 30 | I73: 1
B74: 15410112 | C74: 传承:上层精灵的魔法 | D74: 光能灼烧+1 | E74: ="效果:"&D74 -> 效果:光能灼烧+1 | F74: 其他技能+1 | I74: 2
B75: 15411011 | C75: 传承:尽头之声 | D75: 受到伤害有概率出发抵抗状态,抵抗造成的异常状态,持续5秒 | E75: ="效果:"&D75 -> 效果:受到伤害有概率出发抵抗状态,抵抗造成的异常状态,持续5秒 | F75: 抵抗状态 | I75: 3
B76: 15411012 | C76: 传承:天籁长袍 | D76: 每次受到伤害有概率提升自身10%攻击,持续6秒 | E76: ="效果:"&D76 -> 效果:每次受到伤害有概率提升自身10%攻击,持续6秒 | H76: 40 | I76: 1
B77: 15411013 | C77: 传承:不败的意志 | D77: 受到普通攻击有10%概率免除自身造成的伤害 | E77: ="效果:"&D77 -> 效果:受到普通攻击有10%概率免除自身造成的伤害 | I77: 2 | L77: 攻击提升5%
I78: 3
B79: 15506003 | C79: 传承:力量的召唤 | D79: 暴击率+5% | E79: ="效果:"&D79 -> 效果:暴击率+5% | H79: 50 | I79: 1
B80: 15510011 | C80: 传承:圣焰之剑 | D80: 使用跳跃击技能,冷却时间降低2秒 | E80: ="效果:"&D80 -> 效果:使用跳跃击技能,冷却时间降低2秒 | I80: 2
B81: 15510012 | C81: 传承:远古王者之刃 | D81: 使用冲锋击技能伤害提升50% | E81: ="效果:"&D81 -> 效果:使用冲锋击技能伤害提升50% | I81: 3
B82: 15510121 | C82: 传承:天堂的权杖 | D82: 攻击有一定概率提升自身的20%攻击速度,持续6秒 | E82: ="效果:"&D82 -> 效果:攻击有一定概率提升自身的20%攻击速度,持续6秒
B83: 15510122 | C83: 传承:时光能量魔法 | D83: 使用龙卷雨击技能伤害提升50% | E83: ="效果:"&D83 -> 效果:使用龙卷雨击技能伤害提升50%
B84: 15511011 | C84: 传承:噩梦裁决者 | D84: 受到伤害有概率使攻击者移动速度降低30%,持续5秒 | E84: ="效果:"&D84 -> 效果:受到伤害有概率使攻击者移动速度降低30%,持续5秒
B85: 15511012 | C85: 传承:祝福者外衣 | D85: 提升自身攻击5% | E85: ="效果:"&D85 -> 效果:提升自身攻击5%
B86: 15511013 | C86: 传承:怒之烈焰 | D86: 提升闪避概率+5% | E86: ="效果:"&D86 -> 效果:提升闪避概率+5%
I88: 技能加成 | J88: 61011101 | K88: 裂地击 | L88: ="技能:"&K88&" 提升1级" -> 技能:裂地击 提升1级 | M88: 61021101 | N88: 元素烈焰 | O88: ="技能:"&N88&" 提升1级" -> 技能:元素烈焰 提升1级 | P88: 61022101 | Q88: 光能击 | R88: ="技能:"&Q88&" 提升1级" -> 技能:光能击 提升1级 | S88: 61023101 | T88: 能量吸附 | U88: ="技能:"&T88&" 提升1级" -> 技能:能量吸附 提升1级 | W88: 62011101 | X88: 魔法闪击 | Y88: ="技能:"&X88&" 提升1级" -> 技能:魔法闪击 提升1级 | Z88: 62021101 | AA88: 元素护盾 | AB88: ="技能:"&AA88&" 提升1级" -> 技能:元素护盾 提升1级 | AC88: 62022101 | AD88: 精灵之击 | AE88: ="技能:"&AD88&" 提升1级" -> 技能:精灵之击 提升1级 | AF88: 62023101 | AG88: 魔法护盾 | AH88: ="技能:"&AG88&" 提升1级" -> 技能:魔法护盾 提升1级
B89: 1 武器 | C89: 攻 | D89: 提升伤害加成5% | E89: ="效果:"&D89 -> 效果:提升伤害加成5% | F89: 200903 | J89: 61011201 | K89: 回旋击 | L89: ="技能:"&K89&" 提升1级" -> 技能:回旋击 提升1级 | M89: 61021201 | N89: 元素法球 | O89: ="技能:"&N89&" 提升1级" -> 技能:元素法球 提升1级 | P89: 61022201 | Q89: 光剑攻击 | R89: ="技能:"&Q89&" 提升1级" -> 技能:光剑攻击 提升1级 | S89: 61023201 | T89: 爆发状态 | U89: ="技能:"&T89&" 提升1级" -> 技能:爆发状态 提升1级 | W89: 62011201 | X89: 龙卷雨击 | Y89: ="技能:"&X89&" 提升1级" -> 技能:龙卷雨击 提升1级 | Z89: 62021201 | AA89: 冲击波 | AB89: ="技能:"&AA89&" 提升1级" -> 技能:冲击波 提升1级 | AC89: 62022201 | AD89: 爆焰燃烧 | AE89: ="技能:"&AD89&" 提升1级" -> 技能:爆焰燃烧 提升1级 | AF89: 62023201 | AG89: 治愈之境 | AH89: ="技能:"&AG89&" 提升1级" -> 技能:治愈之境 提升1级
B90: 2 衣服 | C90: 防 | D90: 提升伤害减免5% | E90: ="效果:"&D90 -> 效果:提升伤害减免5% | F90: 201003 | J90: 61011301 | K90: 跳跃击 | L90: ="技能:"&K90&" 提升1级" -> 技能:跳跃击 提升1级 | M90: 61021301 | N90: 元素爆冰 | O90: ="技能:"&N90&" 提升1级" -> 技能:元素爆冰 提升1级 | P90: 61022301 | Q90: 光之能量 | R90: ="技能:"&Q90&" 提升1级" -> 技能:光之能量 提升1级 | S90: 61023301 | T90: 能量之球 | U90: ="技能:"&T90&" 提升1级" -> 技能:能量之球 提升1级 | W90: 62011301 | X90: 禁锢之术 | Y90: ="技能:"&X90&" 提升1级" -> 技能:禁锢之术 提升1级 | Z90: 62021301 | AA90: 熔岩大地 | AB90: ="技能:"&AA90&" 提升1级" -> 技能:熔岩大地 提升1级 | AC90: 62022301 | AD90: 灼烧轰击 | AE90: ="技能:"&AD90&" 提升1级" -> 技能:灼烧轰击 提升1级 | AF90: 62023301 | AG90: 心灵之击 | AH90: ="技能:"&AG90&" 提升1级" -> 技能:心灵之击 提升1级
B91: 3 护符 | C91: 技 | D91: 提升闪避率2% | E91: ="效果:"&D91 -> 效果:提升闪避率2% | F91: 200303 | J91: 61012101 | K91: 裂波击 | L91: ="技能:"&K91&" 提升1级" -> 技能:裂波击 提升1级 | M91: 61021401 | N91: 元素引力波 | O91: ="技能:"&N91&" 提升1级" -> 技能:元素引力波 提升1级 | P91: 61022401 | Q91: 光之击 | R91: ="技能:"&Q91&" 提升1级" -> 技能:光之击 提升1级 | S91: 61023401 | T91: 能量之地 | U91: ="技能:"&T91&" 提升1级" -> 技能:能量之地 提升1级 | W91: 62012101 | X91: 光能灼烧 | Y91: ="技能:"&X91&" 提升1级" -> 技能:光能灼烧 提升1级 | Z91: 62021401 | AA91: 大魔导之影 | AB91: ="技能:"&AA91&" 提升1级" -> 技能:大魔导之影 提升1级 | AC91: 62022401 | AD91: 精灵轰击 | AE91: ="技能:"&AD91&" 提升1级" -> 技能:精灵轰击 提升1级 | AF91: 62023401 | AG91: 心灵治愈 | AH91: ="技能:"&AG91&" 提升1级" -> 技能:心灵治愈 提升1级
B92: 4 戒指 | C92: 技 | D92: 提升命中率2% | E92: ="效果:"&D92 -> 效果:提升命中率2% | F92: 200203 | J92: 61012201 | K92: 旋风击 | L92: ="技能:"&K92&" 提升1级" -> 技能:旋风击 提升1级 | W92: 62012201 | X92: 守护之击 | Y92: ="技能:"&X92&" 提升1级" -> 技能:守护之击 提升1级
A93: 不加 | B93: 5 饰品 | J93: 61012301 | K93: 冲锋击 | L93: ="技能:"&K93&" 提升1级" -> 技能:冲锋击 提升1级 | W93: 62012301 | X93: 冰锥之击 | Y93: ="技能:"&X93&" 提升1级" -> 技能:冰锥之击 提升1级
B94: 6 鞋子 | C94: 防 | D94: 提升攻击穿透2% | E94: ="效果:"&D94 -> 效果:提升攻击穿透2% | F94: 202203
B95: 7 裤子 | C95: 防 | D95: 提升暴击率2% | E95: ="效果:"&D95 -> 效果:提升暴击率2% | F95: 200103 | M95: 属性 | Q95: 攻击 | W95: 防御 | AC95: 技能 | AD95: 战士 | AG95: 职业对应4
B96: 8 腰带 | C96: 防 | D96: 提升抗暴率2% | E96: ="效果:"&D96 -> 效果:提升抗暴率2% | F96: 200403 | J96: 技能 | K96: 14 | L96: ="传承"&LEFT(M96,2) -> 传承攻击 | M96: 攻击提升5% | P96: =LOOKUP(Q96,[2]ItemProto!$C$856:$C$1335,[2]ItemProto!$S$856:$S$1335) -> 69000002 | Q96: 14100111 | R96: 攻击提升 | S96: 攻击15%概率提升自身10%攻击,持续6秒 | V96: =LOOKUP(W96,[2]ItemProto!$C$856:$C$1335,[2]ItemProto!$S$856:$S$1335) -> 0 | W96: 14110021 | X96: 法术躲避 | Y96: 有5%概率躲避敌人的法术攻击 | AB96: =LOOKUP(AC96,[2]ItemProto!$C$856:$C$1335,[2]ItemProto!$S$856:$S$1335) -> 0 | AC96: 15210012 | AD96: 技能升阶 | AE96: 使用裂波击技能冷却时间减少2秒
B97: 9 手镯 | C97: 技 | D97: 提升魔法穿透2% | E97: ="效果:"&D97 -> 效果:提升魔法穿透2% | F97: 202303 | J97: 属性 | K97: 14 | L97: ="传承"&LEFT(M97,2) -> 传承物防 | M97: 物防提升5% | P97: =LOOKUP(Q97,[2]ItemProto!$C$856:$C$1335,[2]ItemProto!$S$856:$S$1335) -> 0 | Q97: 15210112 | R97: 忽视防御 | S97: 攻击时忽略目标5%防御 | V97: =LOOKUP(W97,[2]ItemProto!$C$856:$C$1335,[2]ItemProto!$S$856:$S$1335) -> 0 | W97: 14110022 | X97: 物理躲避 | Y97: 有5%概率躲避敌人的物理攻击 | AB97: =LOOKUP(AC97,[2]ItemProto!$C$856:$C$1335,[2]ItemProto!$S$856:$S$1335) -> 69000016 | AC97: 15310011 | AD97: 技能升阶 | AE97: 使用裂地击会附加2秒眩晕效果
B98: 10 头盔 | C98: 攻 | D98: 提升物理伤害加成2% | E98: ="效果:"&D98 -> 效果:提升物理伤害加成2% | F98: 200503 | L98: ="传承"&LEFT(M98,2) -> 传承魔防 | M98: 魔防提升5% | P98: =LOOKUP(Q98,[2]ItemProto!$C$856:$C$1335,[2]ItemProto!$S$856:$S$1335) -> #N/A | R98: 忽视魔防 | S98: 攻击时忽略目标5%魔防 | V98: =LOOKUP(W98,[2]ItemProto!$C$856:$C$1335,[2]ItemProto!$S$856:$S$1335) -> 0 | W98: 15211012 | X98: 反击 | Y98: 受到攻击后将10%的伤害反击给攻击者 | AB98: =LOOKUP(AC98,[2]ItemProto!$C$856:$C$1335,[2]ItemProto!$S$856:$S$1335) -> 0 | AC98: 15310012 | AD98: 技能升阶 | AE98: 使用裂波击技能伤害提升50%
B99: 11 项链 | C99: 攻 | D99: 提升自身攻击5% | E99: ="效果:"&D99 -> 效果:提升自身攻击5% | F99: 100402 | J99: 攻击 | K99: 10 | L99: ="传承"&LEFT(M99,2) -> 传承血量 | M99: 血量提升5% | P99: =LOOKUP(Q99,[2]ItemProto!$C$856:$C$1335,[2]ItemProto!$S$856:$S$1335) -> 0 | Q99: 15211011 | R99: 攻速 | S99: 攻击有一定概率提升自身的20%攻击速度,持续6秒 | V99: =LOOKUP(W99,[2]ItemProto!$C$856:$C$1335,[2]ItemProto!$S$856:$S$1335) -> 69000010 | W99: 15411011 | X99: 抵抗 | Y99: 受到伤害有概率出发抵抗状态,抵抗造成的异常状态,持续5秒 | AB99: =LOOKUP(AC99,[2]ItemProto!$C$856:$C$1335,[2]ItemProto!$S$856:$S$1335) -> 69000013;69000017 | AC99: 15410011 | AD99: 技能升阶 | AE99: 使用跳跃击技能会使自身移动速度提升30%,持续3秒
L100: ="传承"&LEFT(M100,2) -> 传承暴击 | M100: 暴击提升5% | P100: =LOOKUP(Q100,[2]ItemProto!$C$856:$C$1335,[2]ItemProto!$S$856:$S$1335) -> 69000011 | Q100: 15510121 | R100: 暴击之力 | S100: 使你的暴击造成的伤害提高20% | V100: =LOOKUP(W100,[2]ItemProto!$C$856:$C$1335,[2]ItemProto!$S$856:$S$1335) -> 69000012 | W100: 15511011 | X100: 渐冻 | Y100: 受到伤害有概率使攻击者移动速度降低30%,持续5秒 | AB100: =LOOKUP(AC100,[2]ItemProto!$C$856:$C$1335,[2]ItemProto!$S$856:$S$1335) -> 0 | AC100: 15510011 | AD100: 技能升阶 | AE100: 使用跳跃击技能,冷却时间降低2秒
L101: ="传承"&LEFT(M101,2) -> 传承命中 | M101: 命中提升5% | R101: 浴血奋战 | S101: 生命每降低10%,造成的伤害提升3% | X101: 生命守护 | Y101: 当生命降低至5%时获得3秒的无敌时间，10分钟生效一次。 | AB101: =LOOKUP(AC101,[2]ItemProto!$C$856:$C$1335,[2]ItemProto!$S$856:$S$1335) -> 0 | AC101: 15510012 | AD101: 技能升阶 | AE101: 使用冲锋击技能伤害提升50%
B102: 1 武器 | D102: 提升伤害加成5% | L102: ="传承"&LEFT(M102,2) -> 传承抗暴 | M102: 抗暴提升5% | R102: 蓄势 | S102: 每次使用技能有5%概率触发聚精会神,下次攻击必定暴击,聚精会神状态持续30秒 | X102: 坚固 | Y102: 每3秒,自身受到的伤害减少5%,可以累计10层，移动后清空所有伤害降低。
B103: 2 衣服 | D103: 提升伤害减免5% | L103: ="传承"&LEFT(M103,2) -> 传承闪避 | M103: 闪避提升5% | R103: 熟能生巧 | S103: 使用技能时有10%概率连续触发 | X103: 坚韧 | Y103: 生命降低至30%时,防御力提高30%
B104: 6 鞋子 | D104: 提升攻击穿透2% | L104: ="传承"&LEFT(M104,2) -> 传承技能 | M104: 技能伤害提升5% | R104: 攻速 | S104: 攻击速度提升5% | X104: 重生 | Y104: 受到最后一击时有5%概率立即恢复当前全部血量 | AD104: 法师
B105: 7 裤子 | D105: 提升暴击率2% | L105: ="传承"&LEFT(M105,2) -> 传承重击 | M105: 重击率提升5% | R105: 暴击转换 | S105: 每次暴击有30%概率提升自身10%攻击,持续6秒 | X105: 闪避恢复 | Y105: 每次闪避目标攻击有20%概率恢复自身最大生命的5% | AB105: =LOOKUP(AC105,[2]ItemProto!$C$856:$C$1335,[2]ItemProto!$S$856:$S$1335) -> 0 | AC105: 15210111 | AD105: 技能升阶 | AE105: 魔法闪击造成伤害提升50%
B106: 8 腰带 | D106: 提升抗暴率2% | L106: ="传承武器" -> 传承武器 | M106: 使用刀类武器提升5% | AB106: =LOOKUP(AC106,[2]ItemProto!$C$856:$C$1335,[2]ItemProto!$S$856:$S$1335) -> 0 | AC106: 15310112 | AD106: 技能升阶 | AE106: 冰锥之击会额外对目标造成2秒眩晕
B107: 9 手镯 | D107: 提升魔法穿透2% | L107: ="传承武器" -> 传承武器 | M107: 使用剑类武器提升5% | AB107: =LOOKUP(AC107,[2]ItemProto!$C$856:$C$1335,[2]ItemProto!$S$856:$S$1335) -> 0 | AC107: 15410111 | AD107: 技能升阶 | AE107: 守护之击冷却时间缩减2秒
...

Sheet 觉醒
I2: 60开启
H3: 第一步 | I3: 1 | J3: 开启觉醒 | K3: 金币500万开启
I4: 2 | J4: 通过最后一个副本
I5: 3 | J5: 击杀怪物 | K5: 1000个 | P5: 9 | Q5: 上交灿烂的精华 | R5: 30个
I6: 4 | J6: 寻人
I7: 5 | J7: 击败领主级怪物 | K7: 30个
I8: 6 | J8: 需要无色 | K8: 1000个
I9: 7 | J9: 评分达到 | K9: 60000
I10: 8 | J10: 封印之塔 | K10: 55层
I11: 10 | J11: 击败第六章地狱难度 | K11: 1次
J13: 终 | O13: 释放觉醒需要消耗2个无色晶体
J15: 觉醒技能设计 | N15: 觉醒技能对怪物伤害提升3倍 | Q15: 觉醒技能不占技能格子 愤怒值到了就可以用？
A16: 逐风者 | B16: 元素 | C16: 向前方发一波法球,一排发5个 发6排 | I16: 元素:能量之源 | J16: 每次超前方释放5个法球，每个法球可以对目标造成300%伤害，持续3个波次 | M16: Eff_Skill_QiuMove_1 | N16: 受到攻击增加5点
A17: 驭剑士 | B17: 御剑 | C17: 对一个地方释放剑气,大范围进行攻击,在范围内的目标无法移动 | I17: 驭剑:剑气磁场 | J17: 对一个地方释放剑气，强大的磁场使目标无法移动,每秒造成200%伤害,持续5秒 | M17: Eff_Skill_BaoZha_27(单独放大) + Eff_Skill_BaoZha_42 | N17: 普通攻击攻击别人增加5点
A18: 魔神武士 | B18: 狂战士 | C18: 觉醒模式,达到一定阈值,开始释放对目标持续范围进行轰击并无法移动 | I18: 魔神:洪荒之力 | J18: 每次普通攻击会在目标身上产生爆炸,对目标范围造成200%伤害,持续6秒 | M18: Eff_Skill_BaoZha_11( | N18: 技能攻击目标增加1点
N19: 累计300点进行释放
A20: 魔导师 | B20: 魔导 | C20: 量子炸弹 | I20: 魔导:量子炸弹 | J20: 在目标区域释放一个光柱，光柱会跟随目标移动，每秒造成180%伤害,持续5秒 | M20: Eff_Skill_ChuanSong_1b 做多
A21: 光灵使者 | B21: 光灵 | C21: 对一个区域持续性的造成大量的伤害,并使其范围内禁止移动 | I21: 光灵:契约风暴 | J21: 对一个区域释放契约风暴,对范围内的怪物每秒造成200%伤害,持续6秒 | M21: Eff_Skill_BaoZha_32 | N21: 5分钟内 只能释放一次
A22: 神圣牧师 | B22: 牧师 | C22: 绝对领域,在领域范围内不时有技能落下,对目标造成伤害 | I22: 神圣:绝对领域 | J22: 在领域范围内不时有雷击落下,对目标造成300%伤害,持续12秒 | M22: Eff_Skill_ChiXu_4(变透明)
I24: 备用 | J24: 释放一个巨大的能量球,在能量球附近的怪物都会吸引过来
J25: 对前方区域持续轰击,轰击的目标
A28: 被动技能 | B28: 等级 | M28: 属性
A29: 霸体 | B29: 1 | C29: 受到眩晕攻击有概率触发自身霸体状态,持续3秒 | G29: 3 | L29: 大恶魔属性 | M29: 当前血量X10倍 | O29: 1 | P29: 丢前面范围技能
A30: 技能闪避 | B30: 2 | C30: 受到技能伤害有5%/10%的概率进行闪避 | G30: 2 | M30: 攻击属性*3 | O30: 2 | P30: 跳跃技能+眩晕
A31: 普通闪避 | B31: 2 | C31: 受到伤害有2.5%/5%概率进行闪避 | G31: 2 | M31: 免疫眩晕 | O31: 3 | P31: 恢复己方20%的生命值
A32: 抗暴抵抗 | B32: 2 | C32: 受到暴击有5%/10%的概率进行抵抗 | G32: 2 | O32: 4
A33: 强化力量 | B33: 10 | G33: 1 | I33: 10
A34: 强化敏捷 | B34: 10 | G34: 1
A35: 强化智力 | B35: 10 | G35: 1
A36: 强化耐力 | B36: 10 | G36: 1
A37: 强化体质 | B37: 10 | G37: 1 | L37: 小恶魔属性 | M37: 当前血量X3倍 | O37: 1
M38: 攻击属性*2 | O38: 2

Sheet 增幅属性
E1: 出售获得金币
B3: 20 | C3: 第一章 | D3: 血量 | E3: 1 | F3: 20 | H3: 30 | I3: 第二章 | J3: 血量 | L3: 40 | M3: 第三章 | N3: 血量 | S3: 10 | T3: 6 | U3: =T3*S3 -> 60 | W3: =60*250+7500 -> 22500 | Y3: =U3/W3 -> 0.0026666667 | Z3: =Y3*10 -> 0.026666667
D4: 攻击 | E4: 1 | F4: 20 | J4: 攻击 | N4: 攻击 | S4: 20 | T4: 6 | U4: =T4*S4 -> 120 | W4: =60*250+7500 -> 22500 | Y4: =U4/W4 -> 0.0053333333 | Z4: =Y4*10 -> 0.053333333
D5: 防御 | E5: 1 | F5: 20 | J5: 防御 | N5: 防御 | S5: 30 | T5: 6 | U5: =T5*S5 -> 180 | W5: =60*250+7500 -> 22500 | Y5: =U5/W5 -> 0.008 | Z5: =Y5*10 -> 0.08
D6: 魔御 | E6: 1 | F6: 20 | J6: 魔御 | N6: 魔御 | S6: 40 | T6: 6 | U6: =T6*S6 -> 240 | W6: =60*250+7500 -> 22500 | Y6: =U6/W6 -> 0.010666667 | Z6: =Y6*10 -> 0.10666667
D7: 技能伤害 | E7: 1 | F7: 20 | J7: 技能伤害 | N7: 技能伤害 | S7: 50 | T7: 6 | U7: =T7*S7 -> 300 | W7: =60*250+7500 -> 22500 | Y7: =U7/W7 -> 0.013333333 | Z7: =Y7*10 -> 0.13333333
S10: 血量 | T10: 攻击 | U10: 物防 | V10: 魔防
B11: 章节 | F11: 出售金币 | S11: 10500 | T11: 1000 | U11: 300 | V11: 300 | W11: =T11/10/10 -> 10
B12: 1 | C12: 1 | D12: 1 | E12: 20 | F12: 3000 | S12: 15750 | T12: 1500 | U12: 450 | V12: 450 | W12: =T12/10/10 -> 15
B13: 2 | C13: 2 | D13: 2 | E13: 40 | F13: 5000 | S13: 21000 | T13: 2000 | U13: 600 | V13: 600 | W13: =T13/10/10 -> 20
B14: 3 | C14: 3 | D14: 3 | E14: 60 | F14: 7500 | S14: 26250 | T14: 2500 | U14: 750 | V14: 750 | W14: =T14/10/10 -> 25
B15: 4 | C15: 4 | D15: 4 | E15: 80 | F15: 10000 | S15: 31500 | T15: 3000 | U15: 900 | V15: 900 | W15: =T15/10/10 -> 30
B16: 5 | C16: 5 | D16: 5 | E16: 100 | F16: 12500
B17: 6 | C17: 6 | D17: 6 | E17: 120 | F17: 15000
S18: 特殊增幅 | T18: 幸运
AC21: 力量
AC22: 智力
AC23: 体质
AC24: 耐力
AC25: 敏捷

Sheet 收集
B3: 第一章 | T3: 血量 | U3: 攻击 | V3: 防御
T4: 21000 | U4: 1000 | V4: 300
B5: 14010004 | C5: 龙鸣之盔 | D5: 3 | E5: 物防 | F5: 100603 | G5: 15 | H5: =F5&","&G5 -> 100603,15 | J5: 100 | M5: 100 | P5: 生命 | Q5: 100203
B6: 14010008 | C6: 贤者之盔 | D6: 3 | E6: 命中等级 | F6: 119303 | G6: 12 | H6: =F6&","&G6 -> 119303,12 | J6: 150 | M6: 30 | P6: 攻击 | Q6: 100403 | T6: 1000 | U6: 100 | V6: 30 | W6: 1 | X6: 30
B7: 14010012 | C7: 无畏之盔 | D7: 3 | E7: 生命 | F7: 100203 | G7: 200 | H7: =F7&","&G7 -> 100203,200 | J7: 200 | M7: 30 | P7: 物防 | Q7: 100603 | U7: 150 | V7: 45 | W7: 1.5
B8: 14020004 | C8: 龙鸣之手 | D8: 3 | E8: 闪避等级 | F8: 119403 | G8: 12 | H8: =F8&","&G8 -> 119403,12 | J8: 250 | M8: 1000 | P8: 魔防 | Q8: 100803 | U8: 200 | V8: 60 | W8: 2
B9: 14020008 | C9: 贤者之手 | D9: 3 | E9: 暴击等级 | F9: 119103 | G9: 12 | H9: =F9&","&G9 -> 119103,12 | J9: 300 | U9: 250 | V9: 75 | W9: 2.5
B10: 14020012 | C10: 无畏之手 | D10: 3 | E10: 技能伤害 | F10: 101003 | G10: 15 | H10: =F10&","&G10 -> 101003,15 | P10: 暴击等级 | Q10: 119103 | S10: 5 | U10: 300 | V10: 90 | W10: 3
B11: 14030004 | C11: 龙鸣之带 | D11: 3 | E11: 魔防 | F11: 100803 | G11: 15 | H11: =F11&","&G11 -> 100803,15 | P11: 命中等级 | Q11: 119303 | S11: 5
B12: 14030008 | C12: 贤者之带 | D12: 3 | E12: 抗暴等级 | F12: 119203 | G12: 12 | H12: =F12&","&G12 -> 119203,12 | P12: 闪避等级 | Q12: 119403 | S12: 5
B13: 14030012 | C13: 无畏之带 | D13: 3 | E13: 生命 | F13: 100203 | G13: 200 | H13: =F13&","&G13 -> 100203,200 | P13: 抗暴等级 | Q13: 119203 | S13: 5
B14: 14040004 | C14: 龙鸣之靴 | D14: 3 | E14: 物防 | F14: 100603 | G14: 15 | H14: =F14&","&G14 -> 100603,15
B15: 14040008 | C15: 贤者之靴 | D15: 3 | E15: 抗暴等级 | F15: 119203 | G15: 12 | H15: =F15&","&G15 -> 119203,12 | P15: 技能伤害 | Q15: 101003 | S15: 150
B16: 14040012 | C16: 无畏之靴 | D16: 3 | E16: 命中等级 | F16: 119303 | G16: 12 | H16: =F16&","&G16 -> 119303,12
B17: 14050004 | C17: 龙鸣之腿 | D17: 3 | E17: 魔防 | F17: 100803 | G17: 15 | H17: =F17&","&G17 -> 100803,15 | P17: 10 | Q17: 12 | R17: =S17/3 -> 13.333333 | S17: 40 | T17: 1
B18: 14050008 | C18: 贤者之腿 | D18: 3 | E18: 闪避等级 | F18: 119403 | G18: 12 | H18: =F18&","&G18 -> 119403,12 | Q18: 16 | R18: =S18/3 -> 16.666667 | S18: 50 | T18: 1.25
B19: 14050012 | C19: 无畏之腿 | D19: 3 | E19: 生命 | F19: 100203 | G19: 200 | H19: =F19&","&G19 -> 100203,200 | Q19: 20 | R19: =S19/3 -> 20 | S19: 60 | T19: 1.5
B20: 14060004 | C20: 森灵之链 | D20: 3 | E20: 攻击 | F20: 100403 | G20: 15 | H20: =F20&","&G20 -> 100403,15 | Q20: 24 | R20: =S20/3 -> 23.333333 | S20: 70 | T20: 1.75
B21: 14070004 | C21: 森灵之戒 | D21: 3 | E21: 攻击 | F21: 100403 | G21: 15 | H21: =F21&","&G21 -> 100403,15 | Q21: 28 | R21: =S21/3 -> 26.666667 | S21: 80 | T21: 2
B22: 14080003 | C22: 森灵之坠 | D22: 3 | E22: 命中等级 | F22: 119303 | G22: 12 | H22: =F22&","&G22 -> 119303,12
B23: 14090003 | C23: 森灵之符 | D23: 3 | E23: 生命 | F23: 100203 | G23: 200 | H23: =F23&","&G23 -> 100203,200
B24: 14100004 | C24: 森灵之剑 | D24: 3 | E24: 技能伤害 | F24: 101003 | G24: 15 | H24: =F24&","&G24 -> 101003,15 | P24: =7500+60*250 -> 22500
B25: 14100008 | C25: 森灵之刃 | D25: 3 | E25: 技能伤害 | F25: 101003 | G25: 15 | H25: =F25&","&G25 -> 101003,15 | J25: 攻击 | K25: 100403 | L25: 20
B26: 14100104 | C26: 森灵权杖 | D26: 3 | E26: 攻击 | F26: 100403 | G26: 15 | H26: =F26&","&G26 -> 100403,15 | P26: =300/P24 -> 0.013333333
B27: 14100108 | C27: 森灵之书 | D27: 3 | E27: 攻击 | F27: 100403 | G27: 15 | H27: =F27&","&G27 -> 100403,15
B28: 14110004 | C28: 龙鸣之甲 | D28: 3 | E28: 暴击等级 | F28: 119103 | G28: 12 | H28: =F28&","&G28 -> 119103,12
B29: 14110008 | C29: 贤者之衣 | D29: 3 | E29: 闪避等级 | F29: 119403 | G29: 12 | H29: =F29&","&G29 -> 119403,12
B30: 14110012 | C30: 无畏之甲 | D30: 3 | E30: 生命 | F30: 100203 | G30: 200 | H30: =F30&","&G30 -> 100203,200
B31: 10021010 | C31: 森林晶体 | D31: 300 | E31: 抗暴等级 | F31: 119203 | G31: 12 | H31: =F31&","&G31 -> 119203,12
B32: 10021010 | C32: 森林晶体 | D32: 500 | E32: 生命 | F32: 100203 | G32: 200 | H32: =F32&","&G32 -> 100203,200
B33: 10021010 | C33: 森林晶体 | D33: 1000 | E33: 技能伤害 | F33: 101003 | G33: 15 | H33: =F33&","&G33 -> 101003,15
B34: 10021008 | C34: 森林印记 | D34: 5 | E34: 生命 | F34: 100203 | G34: 200 | H34: =F34&","&G34 -> 100203,200
B35: 10021008 | C35: 森林印记 | D35: 10 | E35: 攻击 | F35: 100403 | G35: 15 | H35: =F35&","&G35 -> 100403,15
B36: 10021008 | C36: 森林印记 | D36: 20 | E36: 格挡值 | F36: 110101 | G36: 20 | H36: =F36&","&G36 -> 110101,20
B37: 10021009 | C37: 森林奖章 | D37: 3 | E37: 生命 | F37: 100203 | G37: 200 | H37: =F37&","&G37 -> 100203,200
B38: 10021009 | C38: 森林奖章 | D38: 5 | E38: 暴击等级 | F38: 119103 | G38: 12 | H38: =F38&","&G38 -> 119103,12
B39: 10021009 | C39: 森林奖章 | D39: 10 | E39: 格挡值 | F39: 110101 | G39: 20 | H39: =F39&","&G39 -> 110101,20
B41: 第二章
B43: 15201002 | C43: 龙脊之盔 | D43: 3 | E43: 物防 | F43: 100603 | G43: 22 | H43: =F43&","&G43 -> 100603,22
B44: 15201004 | C44: 魔灵之盔 | D44: 3 | E44: 命中等级 | F44: 119303 | G44: 16 | H44: =F44&","&G44 -> 119303,16
B45: 15201006 | C45: 秩序之盔 | D45: 3 | E45: 生命 | F45: 100203 | G45: 300 | H45: =F45&","&G45 -> 100203,300
B46: 15202002 | C46: 龙脊之手 | D46: 3 | E46: 闪避等级 | F46: 119403 | G46: 16 | H46: =F46&","&G46 -> 119403,16
B47: 15202004 | C47: 魔灵之手 | D47: 3 | E47: 暴击等级 | F47: 119103 | G47: 16 | H47: =F47&","&G47 -> 119103,16
B48: 15202006 | C48: 秩序之手 | D48: 3 | E48: 技能伤害 | F48: 101003 | G48: 22 | H48: =F48&","&G48 -> 101003,22
B49: 15203002 | C49: 龙脊之带 | D49: 3 | E49: 魔防 | F49: 100803 | G49: 22 | H49: =F49&","&G49 -> 100803,22
B50: 15203004 | C50: 魔灵之带 | D50: 3 | E50: 抗暴等级 | F50: 119203 | G50: 16 | H50: =F50&","&G50 -> 119203,16
B51: 15203006 | C51: 秩序之带 | D51: 3 | E51: 生命 | F51: 100203 | G51: 300 | H51: =F51&","&G51 -> 100203,300
B52: 15204002 | C52: 龙脊之靴 | D52: 3 | E52: 物防 | F52: 100603 | G52: 22 | H52: =F52&","&G52 -> 100603,22
B53: 15204004 | C53: 魔灵之靴 | D53: 3 | E53: 抗暴等级 | F53: 119203 | G53: 16 | H53: =F53&","&G53 -> 119203,16
B54: 15204006 | C54: 秩序之靴 | D54: 3 | E54: 命中等级 | F54: 119303 | G54: 16 | H54: =F54&","&G54 -> 119303,16
... B77: 10022009 | C77: 荒漠奖章 | D77: 10 | E77: 格挡值 | F77: 110101 | G77: 30 | H77: =F77&","&G77 -> 110101,30
B80: 第三章
B82: 15301002 | C82: 银月之盔 | D82: 3 | E82: 物防 | F82: 100603 | G82: 30 | H82: =F82&","&G82 -> 100603,30
B83: 15301004 | C83: 风暴之盔 | D83: 3 | E83: 命中等级 | F83: 119303 | G83: 20 | H83: =F83&","&G83 -> 119303,20
B84: 15301006 | C84: 无尽之盔 | D84: 3 | E84: 生命 | F84: 100203 | G84: 400 | H84: =F84&","&G84 -> 100203,400
B85: 15302002 | C85: 银月之手 | D85: 3 | E85: 闪避等级 | F85: 119403 | G85: 20 | H85: =F85&","&G85 -> 119403,20
B86: 15302004 | C86: 风暴之手 | D86: 3 | E86: 暴击等级 | F86: 119103 | G86: 20 | H86: =F86&","&G86 -> 119103,20
B87: 15302006 | C87: 无尽之手 | D87: 3 | E87: 技能伤害 | F87: 101003 | G87: 30 | H87: =F87&","&G87 -> 101003,30
B88: 15303002 | C88: 银月之带 | D88: 3 | E88: 魔防 | F88: 100803 | G88: 30 | H88: =F88&","&G88 -> 100803,30
B89: 15303004 | C89: 风暴之带 | D89: 3 | E89: 抗暴等级 | F89: 119203 | G89: 20 | H89: =F89&","&G89 -> 119203,20
B90: 15303006 | C90: 无尽之带 | D90: 3 | E90: 生命 | F90: 100203 | G90: 400 | H90: =F90&","&G90 -> 100203,400
B91: 15304002 | C91: 银月之靴 | D91: 3 | E91: 物防 | F91: 100603 | G91: 30 | H91: =F91&","&G91 -> 100603,30
B92: 15304004 | C92: 风暴之靴 | D92: 3 | E92: 抗暴等级 | F92: 119203 | G92: 20 | H92: =F92&","&G92 -> 119203,20
B93: 15304006 | C93: 无尽之靴 | D93: 3 | E93: 命中等级 | F93: 119303 | G93: 20 | H93: =F93&","&G93 -> 119303,20
... B116: 10023009 | C116: 冰封奖章 | D116: 10 | E116: 格挡值 | F116: 110101 | G116: 40 | H116: =F116&","&G116 -> 110101,40
B118: 第四章
B120: 15401002 | C120: 命运之盔 | D120: 3 | E120: 物防 | F120: 100603 | G120: 37 | H120: =F120&","&G120 -> 100603,37
B121: 15401004 | C121: 圣灵之盔 | D121: 3 | E121: 命中等级 | F121: 119303 | G121: 25 | H121: =F121&","&G121 -> 119303,25
B122: 15401006 | C122: 破灵之盔 | D122: 3 | E122: 生命 | F122: 100203 | G122: 500 | H122: =F122&","&G122 -> 100203,500
B123: 15402002 | C123: 命运之手 | D123: 3 | E123: 闪避等级 | F123: 119403 | G123: 25 | H123: =F123&","&G123 -> 119403,25
B124: 15402004 | C124: 圣灵之手 | D124: 3 | E124: 暴击等级 | F124: 119103 | G124: 25 | H124: =F124&","&G124 -> 119103,25
B125: 15402006 | C125: 破灵之手 | D125: 3 | E125: 技能伤害 | F125: 101003 | G125: 37 | H125: =F125&","&G125 -> 101003,37
B126: 15403002 | C126: 命运之带 | D126: 3 | E126: 魔防 | F126: 100803 | G126: 37 | H126: =F126&","&G126 -> 100803,37
B127: 15403004 | C127: 圣灵之带 | D127: 3 | E127: 抗暴等级 | F127: 119203 | G127: 25 | H127: =F127&","&G127 -> 119203,25
B128: 15403006 | C128: 破灵之带 | D128: 3 | E128: 生命 | F128: 100203 | G128: 500 | H128: =F128&","&G128 -> 100203,500
B129: 15404002 | C129: 命运之靴 | D129: 3 | E129: 物防 | F129: 100603 | G129: 37 | H129: =F129&","&G129 -> 100603,37
B130: 15404004 | C130: 圣灵之靴 | D130: 3 | E130: 抗暴等级 | F130: 119203 | G130: 25 | H130: =F130&","&G130 -> 119203,25
B131: 15404006 | C131: 破灵之靴 | D131: 3 | E131: 命中等级 | F131: 119303 | G131: 25 | H131: =F131&","&G131 -> 119303,25
... B154: 10024009 | C154: 暮色奖章 | D154: 10 | E154: 格挡值 | F154: 110101 | G154: 50 | H154: =F154&","&G154 -> 110101,50
B156: 第五章
B158: 15501002 | C158: 风灵之盔 | D158: 3 | E158: 物防 | F158: 100603 | G158: 45 | H158: =F158&","&G158 -> 100603,45
B159: 15501004 | C159: 神谕之盔 | D159: 3 | E159: 命中等级 | F159: 119303 | G159: 30 | H159: =F159&","&G159 -> 119303,30
B160: 15501006 | C160: 永恒之盔 | D160: 3 | E160: 生命 | F160: 100203 | G160: 600 | H160: =F160&","&G160 -> 100203,600
B161: 15502002 | C161: 风灵之手 | D161: 3 | E161: 闪避等级 | F161: 119403 | G161: 30 | H161: =F161&","&G161 -> 119403,30
B162: 15502004 | C162: 神谕之手 | D162: 3 | E162: 暴击等级 | F162: 119103 | G162: 30 | H162: =F162&","&G162 -> 119103,30
B163: 15502006 | C163: 永恒之手 | D163: 3 | E163: 技能伤害 | F163: 101003 | G163: 45 | H163: =F163&","&G163 -> 101003,45
B164: 15503002 | C164: 风灵之带 | D164: 3 | E164: 魔防 | F164: 100803 | G164: 45 | H164: =F164&","&G164 -> 100803,45
B165: 15503004 | C165: 神谕之带 | D165: 3 | E165: 抗暴等级 | F165: 119203 | G165: 30 | H165: =F165&","&G165 -> 119203,30
B166: 15503006 | C166: 永恒之带 | D166: 3 | E166: 生命 | F166: 100203 | G166: 600 | H166: =F166&","&G166 -> 100203,600
B167: 15504002 | C167: 风灵之靴 | D167: 3 | E167: 物防 | F167: 100603 | G167: 45 | H167: =F167&","&G167 -> 100603,45
B168: 15504004 | C168: 神谕之靴 | D168: 3 | E168: 抗暴等级 | F168: 119203 | G168: 30 | H168: =F168&","&G168 -> 119203,30
B169: 15504006 | C169: 永恒之靴 | D169: 3 | E169: 命中等级 | F169: 119303 | G169: 30 | H169: =F169&","&G169 -> 119303,30
... B192: 10025009 | C192: 炙热奖章 | D192: 10 | E192: 格挡值 | F192: 110101 | G192: 60 | H192: =F192&","&G192 -> 110101,60

Sheet 精灵
B2: 拾取金币
B3: 加血
B4: 加攻击
B5: 加防御
B6: 加移动速度
B7: 释放前冲技能
F9: 抓捕概率
C10: 宠物被动属性-全属性提高10点 | E10: 饥饿 | H10: 获取系数 | I10: 获取方式
E11: 需要喂食 | F11: =H11*100 -> 300 | G11: =0.05*H11 -> 0.15 | H11: 3 | I11: 野外遇到 | J11: 10001 | K11: 幸运星 | L11: 每天会随机给你一些金币！
F12: =H12*100 -> 200 | G12: =0.05*H12 -> 0.1 | H12: 2 | I12: 野外遇到 | J12: 10002 | K12: 浣熊精灵 | L12: 帮助玩家主动拾取地上的金币
I13: 充值 | J13: 10003 | K13: 贪婪龟 | L13: 帮助玩家主动拾取地上的金币和道具 | U13: 每次玩家进入战斗,会有概率召唤自己的一个分身协助玩家进行战斗
F14: =H14*100 -> 100 | G14: =0.05*H14 -> 0.05 | H14: 1 | I14: 野外遇到 | J14: 10004 | K14: 灯鱼精灵 | L14: 每次玩家在战斗中受到伤害，有概率释放自己的治愈能力,恢复一定生命值. | U14: 提升玩家自身10%主属性(会在力量、智力、敏捷、体质、耐力中选择最高的一个)
D15: 野外遇到 | F15: =H15*100 -> 100 | G15: =0.05*H15 -> 0.05 | H15: 1 | I15: 野外遇到 | J15: 10005 | K15: 金钱豹 | L15: 在敌人身上获得金币的数量提升5%
D16: 抓 | I16: 1万5充值 | J16: 10006 | K16: 芭比扣 | L16: 远程打开仓库 | U16: 提升20%的暴击造成的伤害
D17: 不抓 | F17: =H17*100 -> 100 | G17: =0.05*H17 -> 0.05 | H17: 1 | I17: 野外遇到 | J17: 10007 | K17: 熊熊 | L17: 每次玩家进入战斗会给起释放一个防御状态,使其攻击受到伤害降低5%,持续30秒 | U17: 每间隔一段时间会解除玩家身上所有的异常状态
D18: 精灵碎片 | F18: =H18*100 -> 75 | G18: =0.05*H18 -> 0.0375 | H18: 0.75 | I18: 野外遇到 | J18: 10008 | K18: 魔焰 | L18: 在玩家附近有敌人出现会出现随机火焰攻击命中敌人
D19: 1-3碎片 | I19: 签到 | J19: 10009 | K19: 波比 | L19: 每次玩家进入战斗会释放一个攻击状态,使其攻击上升5%,持续30秒
F20: =H20*100 -> 50 | G20: =0.05*H20 -> 0.025 | H20: 0.5 | I20: 野外遇到 | J20: 10010 | K20: 鬼鬼 | L20: 当玩家身上血量降低至30%时会在玩家周围释放一个范围技能,造成2秒眩晕
C21: 1天产出 | D21: 10 | F21: =H21*100 -> 75 | G21: =0.05*H21 -> 0.0375 | H21: 0.75 | I21: 野外遇到 | J21: 10011 | K21: 调皮精灵 | L21: 每次使用技能都有概率额外向前释放一个冲击波技能
C22: 100碎片 | D22: 换一个 | F22: =H22*100 -> 150 | G22: =0.05*H22 -> 0.075 | H22: 1.5 | I22: 野外遇到 | J22: 10012 | K22: 波波 | L22: 在敌人身上总能多发现一些无色晶体
C23: 精灵可以被打死 | F23: =H23*100 -> 50 | G23: =0.05*H23 -> 0.025 | H23: 0.5 | I23: 野外遇到 | J23: 10013 | K23: 华华 | L23: 提升玩家自身10%主属性(会在力量、智力、敏捷、体质、耐力中选择最高的一个)
C24: 每天遇到3-5个 | I24: 签到 | J24: 10014 | K24: 呆呆 | L24: 每次玩家受到攻击伤害,有概率会在玩家附近释放一个范围技能,造成伤害
C25: 抓捕成功概率 | D25: 0.05 | I25: 充值 | J25: 10015 | K25: 南瓜恶人 | L25: 每次玩家进入战斗,会有概率召唤自己的一个分身协助玩家进行战斗
C26: 1.5 | D26: =C26*D25 -> 0.075
D27: =1/D26 -> 13.333333
I28: 0.05
C29: 每天碎片 | D29: =C26*1.5 -> 2.25
C30: 碎片产出天数 | D30: =100/D29 -> 44.444444 | G30: 0.15 | H30: =G30*10000 -> 1500
G31: 0.1 | H31: =G31*10000 -> 1000
C32: 抓球概率 | G32: 0.05 | H32: =G32*10000 -> 500
D33: 0.01 | G33: 0.05 | H33: =G33*10000 -> 500
C34: 1 | D34: 0.02 | E34: =0.1+0.05 -> 0.15 | F34: =1.5/E34 -> 10 | G34: 0.05 | H34: =G34*10000 -> 500
C35: 2 | D35: 0.05 | G35: 0.0375 | H35: =G35*10000 -> 375
C36: 3 | D36: 0.1 | G36: 0.025 | H36: =G36*10000 -> 250
G37: 0.0375 | H37: =G37*10000 -> 375
C38: 宠物 | G38: 0.075 | H38: =G38*10000 -> 750
C39: 每天 | D39: 1.5 | G39: 0.025 | H39: =G39*10000 -> 250
C40: 成功率 | D40: 0.25
C41: 每天出现 | D41: =D39/D40 -> 6
C43: 抓球概率
D44: 0.005
C45: 1 | D45: 0.1
C46: 2 | D46: 0.25
C47: 3 | D47: 0.5

Sheet 属性列表
C3: 基础属性
D4: 攻击
D5: 物防
D6: 魔防
D7: 生命
E9: 属性加成
B10: 40 | C10: 100 | D10: 体质 | E10: 血量 | F10: 战斗血量恢复速度 | I10: 抗暴率 | N10: 血量加成 | P10: 命中等级
B11: 6 | C11: 10 | D11: 敏捷 | E11: 攻击 | F11: 暴击伤害加成 | I11: 命中率 | N11: 暴击加成 | P11: 闪避等级
B12: 4,4 | C12: 5,5 | D12: 力量 | E12: 攻击+物防 | F12: 伤害加成 | I12: 暴击率 | N12: 伤害加成 | P12: 暴击等级
B13: 8,4 | C13: 10,5 | D13: 智力 | E13: 技能伤害+魔防 | F13: 技能伤害加成 | N13: 技能加成 | P13: 抗暴等级
B14: 6,6 | C14: 5,5 | D14: 耐力 | E14: 物防+魔防 | F14: 伤害减免 | I14: 闪避率
C23: 二级属性 | F23: 三级属性 | K23: 生活技能 | L23: 炼金
D24: 暴击概率 | L24: 锻造
D25: 韧性概率 | L25: 裁缝
D26: 命中概率 | L26: 宝石
D27: 闪避概率 | L27: 附魔 | M27: 附魔属性
D28: 伤害加成
D29: 伤害见面
D30: 幸运值
D31: 移动速度
D32: 破甲：攻击忽视受击方防御的百分比

Sheet 宝石
A1: 等级 | B1: 血量系数 | C1: 属性系数 | D1: 血量 | E1: 攻击 | F1: 防御 | G1: 单个装备宝石孔位系数 | H1: 调整系数 | I1: 单个宝石血量 | J1: 单个宝石攻击 | K1: 单个宝石防御
A2: 1 | B2: 5.5 | C2: 5.5 | D2: =B2*总表!$D$4 -> 5775 | E2: =C2*总表!$E$4 -> 550 | F2: =C2*总表!$F$4 -> 165 | G2: 1 | H2: 0.5 | I2: =ROUND(D2/$G2/$Q$2*$H2,0) -> 222 | J2: =ROUND(E2/$G2/$Q$2*$H2,0) -> 21 | K2: =ROUND(F2/$G2/$Q$2*$H2,0) -> 6 | P2: 装备数量 | Q2: 13 | T2: 孔位颜色 | U2: 名字
A3: 2 | B3: 6 | C3: 6 | D3: =B3*总表!$D$4 -> 6300 | E3: =C3*总表!$E$4 -> 600 | F3: =C3*总表!$F$4 -> 180 | G3: 1 | H3: 0.5 | I3: =ROUND(D3/$G3/$Q$2*$H3,0) -> 242 | J3: =ROUND(E3/$G3/$Q$2*$H3,0) -> 23 | K3: =ROUND(F3/$G3/$Q$2*$H3,0) -> 7 | P3: 属性放大系数 | Q3: 3 | S3: 101 | T3: 黄色孔位 | U3: 20级 | V3: 优秀的防护石 | AD3: 优良的赤尖石 | AE3: 攻击+6 魔防+4 | AF3: 紫色孔 | AH3: 优秀 | AI3: 赤精石 | AJ3: 攻击 | AN3: 智力 | AS3: 属性加成
A4: 3 | B4: 6.5 | C4: 6.5 | D4: =B4*总表!$D$4 -> 6825 | E4: =C4*总表!$E$4 -> 650 | F4: =C4*总表!$F$4 -> 195 | G4: 1 | H4: 0.5 | I4: =ROUND(D4/$G4/$Q$2*$H4,0) -> 263 | J4: =ROUND(E4/$G4/$Q$2*$H4,0) -> 25 | K4: =ROUND(F4/$G4/$Q$2*$H4,0) -> 8 | P4: 单属性最大系数 | Q4: =Q3*总表!K7 -> 30 | S4: 102 | T4: 紫色孔位 | U4: 30级 | V4: 精良的防护石 | AD4: 优良的碧蓝石 | AE4: 暴击等级+6 命中等级+6 | AF4: 蓝色孔 | AH4: 精良 | AI4: 防护石 | AJ4: 防御 | AN4: 力量 | AR4: 体质 | AS4: 血量 | AT4: 抗暴率 | AV4: 血量加成 | AX4: 命中等级
A5: 4 | B5: 7 | C5: 7 | D5: =B5*总表!$D$4 -> 7350 | E5: =C5*总表!$E$4 -> 700 | F5: =C5*总表!$F$4 -> 210 | G5: 1 | H5: 0.5 | I5: =ROUND(D5/$G5/$Q$2*$H5,0) -> 283 | J5: =ROUND(E5/$G5/$Q$2*$H5,0) -> 27 | K5: =ROUND(F5/$G5/$Q$2*$H5,0) -> 8 | S5: 103 | T5: 蓝色孔位 | U5: 40级 | V5: 精致的防护石 | AD5: 优良的红曜石 | AE5: 暴击等级+10 | AF5: 白色孔 | AH5: 精致 | AI5: 魔能石 | AJ5: 魔防 | AN5: 耐力 | AR5: 敏捷 | AS5: 攻击 | AT5: 暴击率 | AV5: 暴击加成 | AX5: 闪避等级
A6: 5 | B6: 7.5 | C6: 7.5 | D6: =B6*总表!$D$4 -> 7875 | E6: =C6*总表!$E$4 -> 750 | F6: =C6*总表!$F$4 -> 225 | G6: 1 | H6: 0.5 | I6: =ROUND(D6/$G6/$Q$2*$H6,0) -> 303 | J6: =ROUND(E6/$G6/$Q$2*$H6,0) -> 29 | K6: =ROUND(F6/$G6/$Q$2*$H6,0) -> 9 | N6: 宝石等级 | O6: 血量 | P6: 攻击 | Q6: 防御 | S6: 104 | T6: 绿色孔位 | U6: 50级 | V6: 完美的防护石 | AD6: 优良的冲击石 | AE6: 攻击+10 | AH6: 完美 | AI6: 碧莹石 | AJ6: 血量 | AN6: 体制 | AR6: 力量 | AS6: 攻击+物防 | AT6: 命中率 | AV6: 伤害加成 | AX6: 暴击等级
A7: 6 | B7: 8 | C7: 8 | D7: =B7*总表!$D$4 -> 8400 | E7: =C7*总表!$E$4 -> 800 | F7: =C7*总表!$F$4 -> 240 | G7: 1 | H7: 0.5 | I7: =ROUND(D7/$G7/$Q$2*$H7,0) -> 323 | J7: =ROUND(E7/$G7/$Q$2*$H7,0) -> 31 | K7: =ROUND(F7/$G7/$Q$2*$H7,0) -> 9 | N7: 20 | O7: =LOOKUP($N7,$A$2:$A$61,I$2:I$61) -> 303 | P7: =LOOKUP($N7,$A$2:$A$61,J$2:J$61) -> 29 | Q7: =LOOKUP($N7,$A$2:$A$61,K$2:K$61) -> 9 | AD7: 精致的赤尖石 | AE7: 攻击+12 魔防+8 | AI7: 冲击石 | AJ7: 暴击等级 | AR7: 智力 | AS7: 技能伤害+魔防 | AV7: 技能加成 | AX7: 抗暴等级
A8: 7 | B8: 8.5 | C8: 8.5 | D8: =B8*总表!$D$4 -> 8925 | E8: =C8*总表!$E$4 -> 850 | F8: =C8*总表!$F$4 -> 255 | G8: 1 | H8: 0.5 | I8: =ROUND(D8/$G8/$Q$2*$H8,0) -> 343 | J8: =ROUND(E8/$G8/$Q$2*$H8,0) -> 33 | K8: =ROUND(F8/$G8/$Q$2*$H8,0) -> 10 | N8: 30 | O8: =LOOKUP($N8,$A$2:$A$61,I$2:I$61) -> 404 | P8: =LOOKUP($N8,$A$2:$A$61,J$2:J$61) -> 38 | Q8: =LOOKUP($N8,$A$2:$A$61,K$2:K$61) -> 12 | T8: 对应孔位 | U8: 宝石名称 | X8: 成长宝石 | Y8: 数量 | AD8: 精致的碧蓝石 | AE8: 暴击等级+10 命中等级+10 | AI8: 黎明石 | AJ8: 命中等级 | AR8: 耐力 | AS8: 物防+魔防 | AT8: 闪避率
A9: 8 | B9: 9 | C9: 9 | D9: =B9*总表!$D$4 -> 9450 | E9: =C9*总表!$E$4 -> 900 | F9: =C9*总表!$F$4 -> 270 | G9: 1 | H9: 0.5 | I9: =ROUND(D9/$G9/$Q$2*$H9,0) -> 363 | J9: =ROUND(E9/$G9/$Q$2*$H9,0) -> 35 | K9: =ROUND(F9/$G9/$Q$2*$H9,0) -> 10 | N9: 40 | O9: =LOOKUP($N9,$A$2:$A$61,I$2:I$61) -> 505 | P9: =LOOKUP($N9,$A$2:$A$61,J$2:J$61) -> 48 | Q9: =LOOKUP($N9,$A$2:$A$61,K$2:K$61) -> 14 | R9: 102 | S9: 20级 | T9: 紫色孔位 | U9: 优秀的赤精石 | V9: 攻击+20 | X9: 1级宝石 | Y9: 1 | Z9: =Y9*50000 -> 50000 | AD9: 精致的红曜石 | AE9: 暴击等级+20 | AI9: 碧蓝石 | AJ9: 闪避等级
A10: 9 | B10: 9.5 | C10: 9.5 | D10: =B10*总表!$D$4 -> 9975 | E10: =C10*总表!$E$4 -> 950 | F10: =C10*总表!$F$4 -> 285 | G10: 1 | H10: 0.5 | I10: =ROUND(D10/$G10/$Q$2*$H10,0) -> 384 | J10: =ROUND(E10/$G10/$Q$2*$H10,0) -> 37 | K10: =ROUND(F10/$G10/$Q$2*$H10,0) -> 11 | N10: 50 | O10: =LOOKUP($N10,$A$2:$A$61,I$2:I$61) -> 606 | P10: =LOOKUP($N10,$A$2:$A$61,J$2:J$61) -> 58 | Q10: =LOOKUP($N10,$A$2:$A$61,K$2:K$61) -> 17 | R10: 101 | T10: 黄色孔位 | U10: 优秀的防护石 | V10: 生命+40 物理防御+10 魔法防御+10 | X10: 2级宝石 | Y10: 2 | Z10: =Y10*50000 -> 100000 | AD10: 精致的冲击石 | AE10: 攻击+20 | AI10: 精韧石 | AJ10: 抗暴等级
A11: 10 | B11: 10 | C11: 10 | D11: =B11*总表!$D$4 -> 10500 | E11: =C11*总表!$E$4 -> 1000 | F11: =C11*总表!$F$4 -> 300 | G11: 1 | H11: 0.5 | I11: =ROUND(D11/$G11/$Q$2*$H11,0) -> 404 | J11: =ROUND(E11/$G11/$Q$2*$H11,0) -> 38 | K11: =ROUND(F11/$G11/$Q$2*$H11,0) -> 12 | R11: 104 | T11: 绿色孔位 | U11: 优秀的生命石 | V11: 生命+110 | X11: 3级宝石 | Y11: =Y10*2 -> 4 | Z11: =Y11*50000 -> 200000 | AD11: 闪耀的赤尖石 | AE11: 攻击+24 魔防+16
A12: 11 | B12: 10.5 | C12: 10.5 | D12: =B12*总表!$D$4 -> 11025 | E12: =C12*总表!$E$4 -> 1050 | F12: =C12*总表!$F$4 -> 315 | G12: 1 | H12: 0.5 | I12: =ROUND(D12/$G12/$Q$2*$H12,0) -> 424 | J12: =ROUND(E12/$G12/$Q$2*$H12,0) -> 40 | K12: =ROUND(F12/$G12/$Q$2*$H12,0) -> 12 | R12: 103 | T12: 蓝色孔位 | U12: 优秀的碧莹石 | V12: 生命+75 物理防御+10 | X12: 4级宝石 | Y12: =Y11*2 -> 8 | Z12: =Y12*50000 -> 400000 | AD12: 闪耀的碧蓝石 | AE12: 暴击等级+16 命中等级+16
A13: 12 | B13: 11 | C13: 11 | D13: =B13*总表!$D$4 -> 11550 | E13: =C13*总表!$E$4 -> 1100 | F13: =C13*总表!$F$4 -> 330 | G13: 1 | H13: 0.5 | I13: =ROUND(D13/$G13/$Q$2*$H13,0) -> 444 | J13: =ROUND(E13/$G13/$Q$2*$H13,0) -> 42 | K13: =ROUND(F13/$G13/$Q$2*$H13,0) -> 13 | N13: 优化宝石属性 | R13: 102 | T13: 紫色孔位 | U13: 优秀的黎明石 | V13: 生命+75 魔法防御+10 | X13: 5级宝石 | Y13: =Y12*2 -> 16 | Z13: =Y13*50000 -> 800000 | AD13: 闪耀的红曜石 | AE13: 暴击等级+30
A14: 13 | B14: 11.5 | C14: 11.5 | D14: =B14*总表!$D$4 -> 12075 | E14: =C14*总表!$E$4 -> 1150 | F14: =C14*总表!$F$4 -> 345 | G14: 1 | H14: 0.5 | I14: =ROUND(D14/$G14/$Q$2*$H14,0) -> 464 | J14: =ROUND(E14/$G14/$Q$2*$H14,0) -> 44 | K14: =ROUND(F14/$G14/$Q$2*$H14,0) -> 13 | N14: 宝石等级 | O14: 血量 | P14: 攻击 | Q14: 防御 | R14: 104 | T14: 绿色孔位 | U14: 优秀的绿光石 | V14: 攻击+10 物理防御+10 | X14: 6级宝石 | Y14: =Y13*2 -> 32 | Z14: =Y14*50000 -> 1600000 | AD14: 闪耀的冲击石 | AE14: 攻击+40 | AF14: 装备宝石孔位出现概率 | AG14: 普通 | AH14: 出现概率 | AJ14: 紫色 | AN14: 攻击
A15: 14 | B15: 12 | C15: 12 | D15: =B15*总表!$D$4 -> 12600 | E15: =C15*总表!$E$4 -> 1200 | F15: =C15*总表!$F$4 -> 360 | G15: 1 | H15: 0.5 | I15: =ROUND(D15/$G15/$Q$2*$H15,0) -> 485 | J15: =ROUND(E15/$G15/$Q$2*$H15,0) -> 46 | K15: =ROUND(F15/$G15/$Q$2*$H15,0) -> 14 | N15: 20 | O15: =ROUND(O7,-1) -> 300 | P15: =ROUND(P7,-1) -> 30 | Q15: =ROUND(Q7,0) -> 9 | R15: 101 | T15: 黄色孔位 | U15: 优秀的尖韧石 | V15: 攻击+10 魔法防御+10 | X15: 7级宝石 | Y15: =Y14*2 -> 64 | Z15: =Y15*50000 -> 3200000 | AD15: 完美的赤尖石 | AE15: 攻击+36 魔防+24 | AG15: 0 | AH15: 0.5 | AI15: 0.75 | AJ15: 0 | AN15: 攻击 | AO15: 防御
A16: 15 | B16: 12.5 | C16: 12.5 | D16: =B16*总表!$D$4 -> 13125 | E16: =C16*总表!$E$4 -> 1250 | F16: =C16*总表!$F$4 -> 375 | G16: 1 | H16: 0.5 | I16: =ROUND(D16/$G16/$Q$2*$H16,0) -> 505 | J16: =ROUND(E16/$G16/$Q$2*$H16,0) -> 48 | K16: =ROUND(F16/$G16/$Q$2*$H16,0) -> 14 | N16: 30 | O16: =ROUND(O8,-1) -> 400 | P16: =ROUND(P8,-1) -> 40 | Q16: =ROUND(Q8,0) -> 12 | R16: 103 | T16: 蓝色孔位 | U16: 优秀的红曜石 | V16: 攻击+10 生命+60 | X16: 8级宝石 | Y16: =Y15*2 -> 128 | Z16: =Y16*50000 -> 6400000 | AD16: 完美的碧蓝石 | AE16: 暴击等级+20 命中等级+20 | AG16: 1 | AH16: 0.2 | AI16: 0.1 | AJ16: 1 | AN16: 攻击 | AO16: 魔防
A17: 16 | B17: 13 | C17: 13 | D17: =B17*总表!$D$4 -> 13650 | E17: =C17*总表!$E$4 -> 1300 | F17: =C17*总表!$F$4 -> 390 | G17: 1 | H17: 0.5 | I17: =ROUND(D17/$G17/$Q$2*$H17,0) -> 525 | J17: =ROUND(E17/$G17/$Q$2*$H17,0) -> 50 | K17: =ROUND(F17/$G17/$Q$2*$H17,0) -> 15 | N17: 40 | O17: =ROUND(O9,-1) -> 510 | P17: =ROUND(P9,-1) -> 50 | Q17: =ROUND(Q9,0) -> 14 | R17: 102 | T17: 紫色孔位 | U17: 优秀的冲击石 | V17: 暴击等级+10 | X17: 9级宝石 | Y17: =Y16*2 -> 256 | Z17: =Y17*50000 -> 12800000 | AD17: 完美的红曜石 | AE17: 暴击等级+40 | AG17: 2 | AH17: 0.15 | AI17: 0.075 | AJ17: 2 | AN17: 防御 | AO17: 魔防
A18: 17 | B18: 13.5 | C18: 13.5 | D18: =B18*总表!$D$4 -> 14175 | E18: =C18*总表!$E$4 -> 1350 | F18: =C18*总表!$F$4 -> 405 | G18: 1 | H18: 0.5 | I18: =ROUND(D18/$G18/$Q$2*$H18,0) -> 545 | J18: =ROUND(E18/$G18/$Q$2*$H18,0) -> 52 | K18: =ROUND(F18/$G18/$Q$2*$H18,0) -> 16 | N18: 50 | O18: =ROUND(O10,-1) -> 610 | P18: =ROUND(P10,-1) -> 60 | Q18: =ROUND(Q10,0) -> 17 | R18: 101 | T18: 黄色孔位 | U18: 优秀的精韧石 | V18: 抗暴等级+10 | X18: 10级宝石 | Y18: =Y17*2 -> 512 | Z18: =Y18*50000 -> 25600000 | AD18: 完美的冲击石 | AE18: 攻击+60 | AG18: 3 | AH18: 0.1 | AI18: 0.05 | AJ18: 3 | AN18: 防御 | AO18: 血量
A19: 18 | B19: 14 | C19: 14 | D19: =B19*总表!$D$4 -> 14700 | E19: =C19*总表!$E$4 -> 1400 | F19: =C19*总表!$F$4 -> 420 | G19: 1 | H19: 0.5 | I19: =ROUND(D19/$G19/$Q$2*$H19,0) -> 565 | J19: =ROUND(E19/$G19/$Q$2*$H19,0) -> 54 | K19: =ROUND(F19/$G19/$Q$2*$H19,0) -> 16 | R19: 104 | T19: 绿色孔位 | U19: 优秀的碧绿石 | V19: 闪避等级+10 | AG19: 4 | AH19: 0.05 | AI19: 0.025 | AJ19: 4 | AN19: 魔防 | AO19: 血量
A20: 19 | B20: 14.5 | C20: 14.5 | D20: =B20*总表!$D$4 -> 15225 | E20: =C20*总表!$E$4 -> 1450 | F20: =C20*总表!$F$4 -> 435 | G20: 1 | H20: 0.5 | I20: =ROUND(D20/$G20/$Q$2*$H20,0) -> 586 | J20: =ROUND(E20/$G20/$Q$2*$H20,0) -> 56 | K20: =ROUND(F20/$G20/$Q$2*$H20,0) -> 17 | N20: 宝石等级属性(优化后) | R20: 103 | T20: 蓝色孔位 | U20: 优秀的瞄准石 | V20: 命中等级+10 | W20: ="100403;"&AB20 -> 100403;15 | X20: 1级攻击石 | Y20: ="攻击+"&AB20 -> 攻击+15 | Z20: 10 | AA20: =ROUND(Z20*1.5,0) -> 15 | AB20: 15 | AD20: 优良的碧莹石 | AE20: 技能伤害+6 物防+4
A21: 20 | B21: 15 | C21: 15 | D21: =B21*总表!$D$4 -> 15750 | E21: =C21*总表!$E$4 -> 1500 | F21: =C21*总表!$F$4 -> 450 | G21: 2 | H21: 0.5 | I21: =ROUND(D21/$G21/$Q$2*$H21,0) -> 303 | J21: =ROUND(E21/$G21/$Q$2*$H21,0) -> 29 | K21: =ROUND(F21/$G21/$Q$2*$H21,0) -> 9 | N21: 1 | O21: 150 | P21: 20 | Q21: =P21/2 -> 10 | W21: ="100403;"&AB21 -> 100403;21 | X21: 2级攻击石 | Y21: ="攻击+"&AB21 -> 攻击+21 | Z21: 15 | AA21: =ROUND(Z21*1.5,0) -> 23 | AB21: 21 | AC21: =AB21-AB20 -> 6 | AD21: 优良的血耀石 | AE21: 韧性等级+6 闪避等级+6 | AH21: =SUM(AI15:AI19) -> 1 | AI21: =SUM(AH15:AH19) -> 1
A22: 21 | B22: 15.5 | C22: 15.5 | D22: =B22*总表!$D$4 -> 16275 | E22: =C22*总表!$E$4 -> 1550 | F22: =C22*总表!$F$4 -> 465 | G22: 2.1 | H22: 0.525 | I22: =ROUND(D22/$G22/$Q$2*$H22,0) -> 313 | J22: =ROUND(E22/$G22/$Q$2*$H22,0) -> 30 | K22: =ROUND(F22/$G22/$Q$2*$H22,0) -> 9 | N22: 2 | O22: 300 | P22: 30 | Q22: =P22/2 -> 15 | W22: ="100403;"&AB22 -> 100403;28 | X22: 3级攻击石 | Y22: ="攻击+"&AB22 -> 攻击+28 | Z22: 20 | AA22: =ROUND(Z22*1.5,0) -> 30 | AB22: 28 | AC22: =AB22-AB21 -> 7 | AD22: 优良的尖韧石 | AE22: 韧性等级+10
A23: 22 | B23: 16 | C23: 16 | D23: =B23*总表!$D$4 -> 16800 | E23: =C23*总表!$E$4 -> 1600 | F23: =C23*总表!$F$4 -> 480 | G23: 2.2 | H23: 0.55 | I23: =ROUND(D23/$G23/$Q$2*$H23,0) -> 323 | J23: =ROUND(E23/$G23/$Q$2*$H23,0) -> 31 | K23: =ROUND(F23/$G23/$Q$2*$H23,0) -> 9 | N23: 3 | O23: 450 | P23: 40 | Q23: =P23/2 -> 20 | T23: 对应孔位 | U23: 宝石名称 | W23: ="100403;"&AB23 -> 100403;36 | X23: 4级攻击石 | Y23: ="攻击+"&AB23 -> 攻击+36 | Z23: 25 | AA23: =ROUND(Z23*1.5,0) -> 38 | AB23: 36 | AC23: =AB23-AB22 -> 8 | AD23: 优良的光能石 | AE23: 技能伤害+10
A24: 23 | B24: 16.5 | C24: 16.5 | D24: =B24*总表!$D$4 -> 17325 | E24: =C24*总表!$E$4 -> 1650 | F24: =C24*总表!$F$4 -> 495 | G24: 2.3 | H24: 0.575 | I24: =ROUND(D24/$G24/$Q$2*$H24,0) -> 333 | J24: =ROUND(E24/$G24/$Q$2*$H24,0) -> 32 | K24: =ROUND(F24/$G24/$Q$2*$H24,0) -> 10 | N24: 4 | O24: 600 | P24: 50 | Q24: =P24/2 -> 25 | S24: 30级 | T24: 紫色孔位 | U24: 精良的赤精石 | V24: 攻击+30 | W24: ="100403;"&AB24 -> 100403;45 | X24: 5级攻击石 | Y24: ="攻击+"&AB24 -> 攻击+45 | Z24: 30 | AA24: =ROUND(Z24*1.5,0) -> 45 | AB24: 45 | AC24: =AB24-AB23 -> 9 | AD24: 精致的碧莹石 | AE24: 技能伤害+12 物防+8
A25: 24 | B25: 17 | C25: 17 | D25: =B25*总表!$D$4 -> 17850 | E25: =C25*总表!$E$4 -> 1700 | F25: =C25*总表!$F$4 -> 510 | G25: 2.4 | H25: 0.6 | I25: =ROUND(D25/$G25/$Q$2*$H25,0) -> 343 | J25: =ROUND(E25/$G25/$Q$2*$H25,0) -> 33 | K25: =ROUND(F25/$G25/$Q$2*$H25,0) -> 10 | T25: 黄色孔位 | U25: 精良的防护石 | V25: 生命+75 物理防御+15 魔法防御+15 | W25: ="100403;"&AB25 -> 100403;60 | X25: 6级攻击石 | Y25: ="攻击+"&AB25 -> 攻击+60 | Z25: 40 | AA25: =ROUND(Z25*1.5,0) -> 60 | AB25: 60 | AC25: =AB25-AB24 -> 15 | AD25: 精致的血耀石 | AE25: 韧性等级+10 闪避等级+10
A26: 25 | B26: 17.5 | C26: 17.5 | D26: =B26*总表!$D$4 -> 18375 | E26: =C26*总表!$E$4 -> 1750 | F26: =C26*总表!$F$4 -> 525 | G26: 2.5 | H26: 0.625 | I26: =ROUND(D26/$G26/$Q$2*$H26,0) -> 353 | J26: =ROUND(E26/$G26/$Q$2*$H26,0) -> 34 | K26: =ROUND(F26/$G26/$Q$2*$H26,0) -> 10 | T26: 绿色孔位 | U26: 精良的生命石 | V26: 生命+225 | W26: ="100403;"&AB26 -> 100403;75 | X26: 7级攻击石 | Y26: ="攻击+"&AB26 -> 攻击+75 | Z26: 50 | AA26: =ROUND(Z26*1.5,0) -> 75 | AB26: 75 | AC26: =AB26-AB25 -> 15 | AD26: 精致的尖韧石 | AE26: 韧性等级+20 | AF26: 史诗宝石 | AG26: 镶嵌无法取回？ 个别的可取回 | AJ26: 身上最多4颗史诗宝石
A27: 26 | B27: 18 | C27: 18 | D27: =B27*总表!$D$4 -> 18900 | E27: =C27*总表!$E$4 -> 1800 | F27: =C27*总表!$F$4 -> 540 | G27: 2.6 | H27: 0.65 | I27: =ROUND(D27/$G27/$Q$2*$H27,0) -> 363 | J27: =ROUND(E27/$G27/$Q$2*$H27,0) -> 35 | K27: =ROUND(F27/$G27/$Q$2*$H27,0) -> 10 | N27: 标准模型 | O27: 血量 | P27: 攻击 | Q27: 防御 | T27: 蓝色孔位 | U27: 精良的碧莹石 | V27: 生命+150 物理防御+15 | W27: ="100403;"&AB27 -> 100403;90 | X27: 8级攻击石 | Y27: ="攻击+"&AB27 -> 攻击+90 | Z27: 60 | AA27: =ROUND(Z27*1.5,0) -> 90 | AB27: 90 | AC27: =AB27-AB26 -> 15 | AD27: 精致的光能石 | AE27: 技能伤害+20 | AF27: 付费 传承宝石
A28: 27 | B28: 18.5 | C28: 18.5 | D28: =B28*总表!$D$4 -> 19425 | E28: =C28*总表!$E$4 -> 1850 | F28: =C28*总表!$F$4 -> 555 | G28: 2.7 | H28: 0.675 | I28: =ROUND(D28/$G28/$Q$2*$H28,0) -> 374 | J28: =ROUND(E28/$G28/$Q$2*$H28,0) -> 36 | K28: =ROUND(F28/$G28/$Q$2*$H28,0) -> 11 | N28: 攻击石 | O28: 0 | P28: 1 | Q28: 0 | T28: 紫色孔位 | U28: 精良的黎明石 | V28: 生命+150 魔法防御+15 | W28: ="100403;"&AB28 -> 100403;105 | X28: 9级攻击石 | Y28: ="攻击+"&AB28 -> 攻击+105 | Z28: 70 | AA28: =ROUND(Z28*1.5,0) -> 105 | AB28: 105 | AC28: =AB28-AB27 -> 15 | AD28: 闪耀的碧莹石 | AE28: 技能伤害+24 物防+16 | AF28: 攻击+120 幸运+1
A29: 28 | B29: 19 | C29: 19 | D29: =B29*总表!$D$4 -> 19950 | E29: =C29*总表!$E$4 -> 1900 | F29: =C29*总表!$F$4 -> 570 | G29: 2.8 | H29: 0.7 | I29: =ROUND(D29/$G29/$Q$2*$H29,0) -> 384 | J29: =ROUND(E29/$G29/$Q$2*$H29,0) -> 37 | K29: =ROUND(F29/$G29/$Q$2*$H29,0) -> 11 | N29: 防御石 | O29: 0.25 | P29: 0 | Q29: 1 | T29: 绿色孔位 | U29: 精良的绿光石 | V29: 攻击+15 物理防御+15 | W29: ="100403;"&AB29 -> 100403;120 | X29: 10级攻击石 | Y29: ="攻击+"&AB29 -> 攻击+120 | Z29: 80 | AA29: =ROUND(Z29*1.5,0) -> 120 | AB29: 120 | AD29: 闪耀的血耀石 | AE29: 韧性等级+16 闪避等级+16 | AF29: 暴击+5%
A30: 29 | B30: 19.5 | C30: 19.5 | D30: =B30*总表!$D$4 -> 20475 | E30: =C30*总表!$E$4 -> 1950 | F30: =C30*总表!$F$4 -> 585 | G30: 2.9 | H30: 0.725 | I30: =ROUND(D30/$G30/$Q$2*$H30,0) -> 394 | J30: =ROUND(E30/$G30/$Q$2*$H30,0) -> 38 | K30: =ROUND(F30/$G30/$Q$2*$H30,0) -> 11 | N30: 血量石 | O30: 0.75 | P30: 0 | Q30: 0 | T30: 黄色孔位 | U30: 精良的尖韧石 | V30: 攻击+15 魔法防御+15 | AD30: 闪耀的尖韧石 | AE30: 韧性等级+30 | AF30: 攻击速度+5%
A31: 30 | B31: 20 | C31: 20 | D31: =B31*总表!$D$4 -> 21000 | E31: =C31*总表!$E$4 -> 2000 | F31: =C31*总表!$F$4 -> 600 | G31: 3 | H31: 0.75 | I31: =ROUND(D31/$G31/$Q$2*$H31,0) -> 404 | J31: =ROUND(E31/$G31/$Q$2*$H31,0) -> 38 | K31: =ROUND(F31/$G31/$Q$2*$H31,0) -> 12 | T31: 蓝色孔位 | U31: 精良的红曜石 | V31: 攻击+15 生命+90 | AD31: 闪耀的光能石 | AE31: 技能伤害+40
A32: 31 | B32: 20.5 | C32: 20.5 | D32: =B32*总表!$D$4 -> 21525 | E32: =C32*总表!$E$4 -> 2050 | F32: =C32*总表!$F$4 -> 615 | G32: 3.1 | H32: 0.775 | I32: =ROUND(D32/$G32/$Q$2*$H32,0) -> 414 | J32: =ROUND(E32/$G32/$Q$2*$H32,0) -> 39 | K32: =ROUND(F32/$G32/$Q$2*$H32,0) -> 12 | M32: 20级宝石 | N32: 攻击石 | O32: =ROUND(O28*O$21,-1) -> 0 | P32: =P28*P$21 -> 20 | Q32: =Q28*Q$21 -> 0 | T32: 紫色孔位 | U32: 精良的冲击石 | V32: 暴击等级+15 | W32: ="100203;"&AB32 -> 100203;150 | X32: 1级生命石 | Y32: ="生命+"&AB32 -> 生命+150 | Z32: 100 | AA32: =Z32*1.5 -> 150 | AB32: 150 | AD32: 完美的碧莹石 | AE32: 技能伤害+36 物防+24
A33: 32 | B33: 21 | C33: 21 | D33: =B33*总表!$D$4 -> 22050 | E33: =C33*总表!$E$4 -> 2100 | F33: =C33*总表!$F$4 -> 630 | G33: 3.2 | H33: 0.8 | I33: =ROUND(D33/$G33/$Q$2*$H33,0) -> 424 | J33: =ROUND(E33/$G33/$Q$2*$H33,0) -> 40 | K33: =ROUND(F33/$G33/$Q$2*$H33,0) -> 12 | N33: 防御石 | O33: =ROUND(O29*O$21,-1) -> 40 | P33: =P29*P$21 -> 0 | Q33: =Q29*Q$21 -> 10 | T33: 黄色孔位 | U33: 精良的精韧石 | V33: 抗暴等级+15 | W33: ="100203;"&AB33 -> 100203;225 | X33: 2级生命石 | Y33: ="生命+"&AB33 -> 生命+225 | Z33: 150 | AA33: =Z33*1.5 -> 225 | AB33: 225 | AD33: 完美的血耀石 | AE33: 韧性等级+20 闪避等级+20 | AF33: 免费 史诗宝石
A34: 33 | B34: 21.5 | C34: 21.5 | D34: =B34*总表!$D$4 -> 22575 | E34: =C34*总表!$E$4 -> 2150 | F34: =C34*总表!$F$4 -> 645 | G34: 3.3 | H34: 0.825 | I34: =ROUND(D34/$G34/$Q$2*$H34,0) -> 434 | J34: =ROUND(E34/$G34/$Q$2*$H34,0) -> 41 | K34: =ROUND(F34/$G34/$Q$2*$H34,0) -> 12 | N34: 血量石 | O34: =ROUND(O30*O$21,-1) -> 110 | P34: =P30*P$21 -> 0 | Q34: =Q30*Q$21 -> 0 | T34: 绿色孔位 | U34: 精良的碧绿石 | V34: 闪避等级+15 | W34: ="100203;"&AB34 -> 100203;300 | X34: 3级生命石 | Y34: ="生命+"&AB34 -> 生命+300 | Z34: 200 | AA34: =Z34*1.5 -> 300 | AB34: 300 | AD34: 完美的尖韧石 | AE34: 韧性等级+40 | AF34: 攻击领主级怪物时造成伤害提升5% | AI34: 狂野之石 | AK34: ="史诗:"&AI34 -> 史诗:狂野之石
A35: 34 | B35: 22 | C35: 22 | D35: =B35*总表!$D$4 -> 23100 | E35: =C35*总表!$E$4 -> 2200 | F35: =C35*总表!$F$4 -> 660 | G35: 3.4 | H35: 0.85 | I35: =ROUND(D35/$G35/$Q$2*$H35,0) -> 444 | J35: =ROUND(E35/$G35/$Q$2*$H35,0) -> 42 | K35: =ROUND(F35/$G35/$Q$2*$H35,0) -> 13 | T35: 蓝色孔位 | U35: 精良的瞄准石 | V35: 命中等级+15 | W35: ="100203;"&AB35 -> 100203;375 | X35: 4级生命石 | Y35: ="生命+"&AB35 -> 生命+375 | Z35: 250 | AA35: =Z35*1.5 -> 375 | AB35: 375 | AD35: 完美的光能石 | AE35: 技能伤害+60 | AF35: 受到领主级怪物的伤害时降低5% | AI35: 防护之石 | AK35: ="史诗:"&AI35 -> 史诗:防护之石
A36: 35 | B36: 22.5 | C36: 22.5 | D36: =B36*总表!$D$4 -> 23625 | E36: =C36*总表!$E$4 -> 2250 | F36: =C36*总表!$F$4 -> 675 | G36: 3.5 | H36: 0.875 | I36: =ROUND(D36/$G36/$Q$2*$H36,0) -> 454 | J36: =ROUND(E36/$G36/$Q$2*$H36,0) -> 43 | K36: =ROUND(F36/$G36/$Q$2*$H36,0) -> 13 | M36: 30级宝石 | N36: 攻击石 | O36: =O28*O$22 -> 0 | P36: =P28*P$22 -> 30 | Q36: =Q28*Q$22 -> 0 | W36: ="100203;"&AB36 -> 100203;450 | X36: 5级生命石 | Y36: ="生命+"&AB36 -> 生命+450 | Z36: 300 | AA36: =Z36*1.5 -> 450 | AB36: 450 | AF36: 技能冷却时间缩减5% | AI36: 时间之石 | AK36: ="史诗:"&AI36 -> 史诗:时间之石
A37: 36 | B37: 23 | C37: 23 | D37: =B37*总表!$D$4 -> 24150 | E37: =C37*总表!$E$4 -> 2300 | F37: =C37*总表!$F$4 -> 690 | G37: 3.6 | H37: 0.9 | I37: =ROUND(D37/$G37/$Q$2*$H37,0) -> 464 | J37: =ROUND(E37/$G37/$Q$2*$H37,0) -> 44 | K37: =ROUND(F37/$G37/$Q$2*$H37,0) -> 13 | N37: 防御石 | O37: =O29*O$22 -> 75 | P37: =P29*P$22 -> 0 | Q37: =Q29*Q$22 -> 15 | W37: ="100203;"&AB37 -> 100203;600 | X37: 6级生命石 | Y37: ="生命+"&AB37 -> 生命+600 | Z37: 400 | AA37: =Z37*1.5 -> 600 | AB37: 600 | AD37: 优良的血色石 | AE37: 血量+24 战斗血量恢复提升2.5% | AF37: 受到最后一击攻击有2.5%概率恢复满血状态 | AI37: 重生之石 | AK37: ="史诗:"&AI37 -> 史诗:重生之石
A38: 37 | B38: 23.5 | C38: 23.5 | D38: =B38*总表!$D$4 -> 24675 | E38: =C38*总表!$E$4 -> 2350 | F38: =C38*总表!$F$4 -> 705 | G38: 3.7 | H38: 0.925 | I38: =ROUND(D38/$G38/$Q$2*$H38,0) -> 475 | J38: =ROUND(E38/$G38/$Q$2*$H38,0) -> 45 | K38: =ROUND(F38/$G38/$Q$2*$H38,0) -> 14 | N38: 血量石 | O38: =O30*O$22 -> 225 | P38: =P30*P$22 -> 0 | Q38: =Q30*Q$22 -> 0 | T38: 对应孔位 | U38: 宝石名称 | W38: ="100203;"&AB38 -> 100203;750 | X38: 7级生命石 | Y38: ="生命+"&AB38 -> 生命+750 | Z38: 500 | AA38: =Z38*1.5 -> 750 | AB38: 750 | AD38: 优良的精准石 | AE38: 命中等级+10 | AF38: 技能造成伤害提升10% | AI38: 魔天之石 | AK38: ="史诗:"&AI38 -> 史诗:魔天之石
A39: 38 | B39: 24 | C39: 24 | D39: =B39*总表!$D$4 -> 25200 | E39: =C39*总表!$E$4 -> 2400 | F39: =C39*总表!$F$4 -> 720 | G39: 3.8 | H39: 0.95 | I39: =ROUND(D39/$G39/$Q$2*$H39,0) -> 485 | J39: =ROUND(E39/$G39/$Q$2*$H39,0) -> 46 | K39: =ROUND(F39/$G39/$Q$2*$H39,0) -> 14 | S39: 40级 | T39: 紫色孔位 | U39: 闪耀的赤精石 | V39: 攻击+40 | W39: ="100203;"&AB39 -> 100203;900 | X39: 8级生命石 | Y39: ="生命+"&AB39 -> 生命+900 | Z39: 600 | AA39: =Z39*1.5 -> 900 | AB39: 900 | AD39: 优良的防护石 | AE39: 血量+40 | AF39: 受到技能伤害进行闪避概率提升2% | AI39: 天闪之石 | AK39: ="史诗:"&AI39 -> 史诗:天闪之石
A40: 39 | B40: 24.5 | C40: 24.5 | D40: =B40*总表!$D$4 -> 25725 | E40: =C40*总表!$E$4 -> 2450 | F40: =C40*总表!$F$4 -> 735 | G40: 3.9 | H40: 0.975 | I40: =ROUND(D40/$G40/$Q$2*$H40,0) -> 495 | J40: =ROUND(E40/$G40/$Q$2*$H40,0) -> 47 | K40: =ROUND(F40/$G40/$Q$2*$H40,0) -> 14 | M40: 40级宝石 | N40: 攻击石 | O40: =O28*O$23 -> 0 | P40: =P28*P$23 -> 40 | Q40: =Q28*Q$23 -> 0 | T40: 黄色孔位 | U40: 闪耀的防护石 | V40: 生命+110 物理防御+20 魔法防御+20 | W40: ="100203;"&AB40 -> 100203;1050 | X40: 9级生命石 | Y40: ="生命+"&AB40 -> 生命+1050 | Z40: 700 | AA40: =Z40*1.5 -> 1050 | AB40: 1050 | AD40: 精致的血色石 | AE40: 血量+48 战斗血量恢复提升5% | AF40: 普通攻击造成伤害提升5% | AI40: 残月之石 | AK40: ="史诗:"&AI40 -> 史诗:残月之石
A41: 40 | B41: 25 | C41: 25 | D41: =B41*总表!$D$4 -> 26250 | E41: =C41*总表!$E$4 -> 2500 | F41: =C41*总表!$F$4 -> 750 | G41: 4 | H41: 1 | I41: =ROUND(D41/$G41/$Q$2*$H41,0) -> 505 | J41: =ROUND(E41/$G41/$Q$2*$H41,0) -> 48 | K41: =ROUND(F41/$G41/$Q$2*$H41,0) -> 14 | N41: 防御石 | O41: =O29*O$23 -> 112.5 | P41: =P29*P$23 -> 0 | Q41: =Q29*Q$23 -> 20 | T41: 绿色孔位 | U41: 闪耀的生命石 | V41: 生命+340 | W41: ="100203;"&AB41 -> 100203;1200 | X41: 10级生命石 | Y41: ="生命+"&AB41 -> 生命+1200 | Z41: 800 | AA41: =Z41*1.5 -> 1200 | AB41: 1200 | AD41: 精致的精准石 | AE41: 命中等级+20 | AF41: 每次攻击有2%概率造成重击 | AI41: 灭裂之石 | AK41: ="史诗:"&AI41 -> 史诗:灭裂之石
A42: 41 | B42: 25.5 | C42: 25.5 | D42: =B42*总表!$D$4 -> 26775 | E42: =C42*总表!$E$4 -> 2550 | F42: =C42*总表!$F$4 -> 765 | G42: 4 | H42: 1 | I42: =ROUND(D42/$G42/$Q$2*$H42,0) -> 515 | J42: =ROUND(E42/$G42/$Q$2*$H42,0) -> 49 | K42: =ROUND(F42/$G42/$Q$2*$H42,0) -> 15 | N42: 血量石 | O42: =O30*O$23 -> 337.5 | P42: =P30*P$23 -> 0 | Q42: =Q30*Q$23 -> 0 | T42: 蓝色孔位 | U42: 闪耀的碧莹石 | V42: 生命+220 物理防御+20 | AD42: 精致的防护石 | AE42: 血量+80
A43: 42 | B43: 26 | C43: 26 | D43: =B43*总表!$D$4 -> 27300 | E43: =C43*总表!$E$4 -> 2600 | F43: =C43*总表!$F$4 -> 780 | G43: 4 | H43: 1 | I43: =ROUND(D43/$G43/$Q$2*$H43,0) -> 525 | J43: =ROUND(E43/$G43/$Q$2*$H43,0) -> 50 | K43: =ROUND(F43/$G43/$Q$2*$H43,0) -> 15 | T43: 紫色孔位 | U43: 闪耀的黎明石 | V43: 生命+220 魔法防御+20 | W43: ="100203;"&AA43&"@100603:"&AC43 -> 100203;75@100603:15 | X43: 1级物防石 | Y43: ="生命+"&AA43&" 物理防御+"&AC43 -> 生命+75 物理防御+15 | Z43: 50 | AA43: =ROUND(Z43*1.5,0) -> 75 | AB43: 10 | AC43: 15 | AD43: 闪耀的血色石 | AE43: 血量+84 战斗血量恢复提升7.5% | AF43: 史诗宝石箱子
A44: 43 | B44: 26.5 | C44: 26.5 | D44: =B44*总表!$D$4 -> 27825 | E44: =C44*总表!$E$4 -> 2650 | F44: =C44*总表!$F$4 -> 795 | G44: 4 | H44: 1 | I44: =ROUND(D44/$G44/$Q$2*$H44,0) -> 535 | J44: =ROUND(E44/$G44/$Q$2*$H44,0) -> 51 | K44: =ROUND(F44/$G44/$Q$2*$H44,0) -> 15 | M44: 50级宝石 | N44: 攻击石 | O44: =O28*O$24 -> 0 | P44: =P28*P$24 -> 50 | Q44: =Q28*Q$24 -> 0 | T44: 绿色孔位 | U44: 闪耀的绿光石 | V44: 攻击+20 物理防御+20 | W44: ="100203;"&AA44&"@100603:"&AC44 -> 100203;113@100603:21 | X44: 2级物防石 | Y44: ="生命+"&AA44&" 物理防御+"&AC44 -> 生命+113 物理防御+21 | Z44: 75 | AA44: =ROUND(Z44*1.5,0) -> 113 | AB44: 15 | AC44: 21 | AD44: 闪耀的精准石 | AE44: 命中等级+30
A45: 44 | B45: 27 | C45: 27 | D45: =B45*总表!$D$4 -> 28350 | E45: =C45*总表!$E$4 -> 2700 | F45: =C45*总表!$F$4 -> 810 | G45: 4 | H45: 1 | I45: =ROUND(D45/$G45/$Q$2*$H45,0) -> 545 | J45: =ROUND(E45/$G45/$Q$2*$H45,0) -> 52 | K45: =ROUND(F45/$G45/$Q$2*$H45,0) -> 16 | N45: 防御石 | O45: =O29*O$24 -> 150 | P45: =P29*P$24 -> 0 | Q45: =Q29*Q$24 -> 25 | T45: 黄色孔位 | U45: 闪耀的尖韧石 | V45: 攻击+20 魔法防御+20 | W45: ="100203;"&AA45&"@100603:"&AC45 -> 100203;150@100603:28 | X45: 3级物防石 | Y45: ="生命+"&AA45&" 物理防御+"&AC45 -> 生命+150 物理防御+28 | Z45: 100 | AA45: =ROUND(Z45*1.5,0) -> 150 | AB45: 20 | AC45: 28 | AD45: 闪耀的防护石 | AE45: 血量+140
A46: 45 | B46: 27.5 | C46: 27.5 | D46: =B46*总表!$D$4 -> 28875 | E46: =C46*总表!$E$4 -> 2750 | F46: =C46*总表!$F$4 -> 825 | G46: 4 | H46: 1 | I46: =ROUND(D46/$G46/$Q$2*$H46,0) -> 555 | J46: =ROUND(E46/$G46/$Q$2*$H46,0) -> 53 | K46: =ROUND(F46/$G46/$Q$2*$H46,0) -> 16 | N46: 血量石 | O46: =O30*O$24 -> 450 | P46: =P30*P$24 -> 0 | Q46: =Q30*Q$24 -> 0 | T46: 蓝色孔位 | U46: 闪耀的红曜石 | V46: 攻击+20 生命+120 | W46: ="100203;"&AA46&"@100603:"&AC46 -> 100203;188@100603:36 | X46: 4级物防石 | Y46: ="生命+"&AA46&" 物理防御+"&AC46 -> 生命+188 物理防御+36 | Z46: 125 | AA46: =ROUND(Z46*1.5,0) -> 188 | AB46: 25 | AC46: 36 | AD46: 完美的血色石 | AE46: 血量+120 战斗血量恢复提升10%
A47: 46 | B47: 28 | C47: 28 | D47: =B47*总表!$D$4 -> 29400 | E47: =C47*总表!$E$4 -> 2800 | F47: =C47*总表!$F$4 -> 840 | G47: 4 | H47: 1 | I47: =ROUND(D47/$G47/$Q$2*$H47,0) -> 565 | J47: =ROUND(E47/$G47/$Q$2*$H47,0) -> 54 | K47: =ROUND(F47/$G47/$Q$2*$H47,0) -> 16 | T47: 紫色孔位 | U47: 闪耀的冲击石 | V47: 暴击等级+20 | W47: ="100203;"&AA47&"@100603:"&AC47 -> 100203;225@100603:45 | X47: 5级物防石 | Y47: ="生命+"&AA47&" 物理防御+"&AC47 -> 生命+225 物理防御+45 | Z47: 150 | AA47: =ROUND(Z47*1.5,0) -> 225 | AB47: 30 | AC47: 45 | AD47: 完美的精准石 | AE47: 命中等级+40
A48: 47 | B48: 28.5 | C48: 28.5 | D48: =B48*总表!$D$4 -> 29925 | E48: =C48*总表!$E$4 -> 2850 | F48: =C48*总表!$F$4 -> 855 | G48: 4 | H48: 1 | I48: =ROUND(D48/$G48/$Q$2*$H48,0) -> 575 | J48: =ROUND(E48/$G48/$Q$2*$H48,0) -> 55 | K48: =ROUND(F48/$G48/$Q$2*$H48,0) -> 16 | T48: 黄色孔位 | U48: 闪耀的精韧石 | V48: 抗暴等级+20 | W48: ="100203;"&AA48&"@100603:"&AC48 -> 100203;300@100603:60 | X48: 6级物防石 | Y48: ="生命+"&AA48&" 物理防御+"&AC48 -> 生命+300 物理防御+60 | Z48: 200 | AA48: =ROUND(Z48*1.5,0) -> 300 | AB48: 40 | AC48: 60 | AD48: 完美的防护石 | AE48: 血量+200
A49: 48 | B49: 29 | C49: 29 | D49: =B49*总表!$D$4 -> 30450 | E49: =C49*总表!$E$4 -> 2900 | F49: =C49*总表!$F$4 -> 870 | G49: 4 | H49: 1 | I49: =ROUND(D49/$G49/$Q$2*$H49,0) -> 586 | J49: =ROUND(E49/$G49/$Q$2*$H49,0) -> 56 | K49: =ROUND(F49/$G49/$Q$2*$H49,0) -> 17 | M49: 只取一级属性 | N49: 攻击石 | O49: =O28*O$23 -> 0 | P49: =P28*P$23 -> 40 | Q49: =Q28*Q$23 -> 0 | T49: 绿色孔位 | U49: 闪耀的碧绿石 | V49: 闪避等级+20 | W49: ="100203;"&AA49&"@100603:"&AC49 -> 100203;375@100603:75 | X49: 7级物防石 | Y49: ="生命+"&AA49&" 物理防御+"&AC49 -> 生命+375 物理防御+75 | Z49: 250 | AA49: =ROUND(Z49*1.5,0) -> 375 | AB49: 50 | AC49: 75
A50: 49 | B50: 29.5 | C50: 29.5 | D50: =B50*总表!$D$4 -> 30975 | E50: =C50*总表!$E$4 -> 2950 | F50: =C50*总表!$F$4 -> 885 | G50: 4 | H50: 1 | I50: =ROUND(D50/$G50/$Q$2*$H50,0) -> 596 | J50: =ROUND(E50/$G50/$Q$2*$H50,0) -> 57 | K50: =ROUND(F50/$G50/$Q$2*$H50,0) -> 17 | M50: 取的40级的 | N50: 防御石 | O50: 120 | P50: =P29*P$23 -> 0 | Q50: =Q29*Q$23 -> 20 | T50: 蓝色孔位 | U50: 闪耀的瞄准石 | V50: 命中等级+20 | W50: ="100203;"&AA50&"@100603:"&AC50 -> 100203;450@100603:90 | X50: 8级物防石 | Y50: ="生命+"&AA50&" 物理防御+"&AC50 -> 生命+450 物理防御+90 | Z50: 300 | AA50: =ROUND(Z50*1.5,0) -> 450 | AB50: 60 | AC50: 90 | AD50: 优良的物御石 | AE50: 物防+10
A51: 50 | B51: 30 | C51: 30 | D51: =B51*总表!$D$4 -> 31500 | E51: =C51*总表!$E$4 -> 3000 | F51: =C51*总表!$F$4 -> 900 | G51: 4 | H51: 1 | I51: =ROUND(D51/$G51/$Q$2*$H51,0) -> 606 | J51: =ROUND(E51/$G51/$Q$2*$H51,0) -> 58 | K51: =ROUND(F51/$G51/$Q$2*$H51,0) -> 17 | N51: 血量石 | O51: 320 | P51: =P30*P$23 -> 0 | Q51: =Q30*Q$23 -> 0 | W51: ="100203;"&AA51&"@100603:"&AC51 -> 100203;525@100603:105 | X51: 9级物防石 | Y51: ="生命+"&AA51&" 物理防御+"&AC51 -> 生命+525 物理防御+105 | Z51: 350 | AA51: =ROUND(Z51*1.5,0) -> 525 | AB51: 70 | AC51: 105 | AD51: 优良的法御石 | AE51: 魔防+10
A52: 51 | B52: 30 | C52: 30 | D52: =B52*总表!$D$4 -> 31500 | E52: =C52*总表!$E$4 -> 3000 | F52: =C52*总表!$F$4 -> 900 | G52: 4 | H52: 1 | I52: =ROUND(D52/$G52/$Q$2*$H52,0) -> 606 | J52: =ROUND(E52/$G52/$Q$2*$H52,0) -> 58 | K52: =ROUND(F52/$G52/$Q$2*$H52,0) -> 17 | W52: ="100203;"&AA52&"@100603:"&AC52 -> 100203;600@100603:120 | X52: 10级物防石 | Y52: ="生命+"&AA52&" 物理防御+"&AC52 -> 生命+600 物理防御+120 | Z52: 400 | AA52: =ROUND(Z52*1.5,0) -> 600 | AB52: 80 | AC52: 120 | AD52: 优良的风灵石 | AE52: 物防+6 魔防+6
A53: 52 | B53: 30 | C53: 30 | D53: =B53*总表!$D$4 -> 31500 | E53: =C53*总表!$E$4 -> 3000 | F53: =C53*总表!$F$4 -> 900 | G53: 4 | H53: 1 | I53: =ROUND(D53/$G53/$Q$2*$H53,0) -> 606 | J53: =ROUND(E53/$G53/$Q$2*$H53,0) -> 58 | K53: =ROUND(F53/$G53/$Q$2*$H53,0) -> 17 | T53: 对应孔位 | U53: 宝石名称 | AD53: 优良的闪烁石 | AE53: 闪避等级+10
A54: 53 | B54: 30 | C54: 30 | D54: =B54*总表!$D$4 -> 31500 | E54: =C54*总表!$E$4 -> 3000 | F54: =C54*总表!$F$4 -> 900 | G54: 4 | H54: 1 | I54: =ROUND(D54/$G54/$Q$2*$H54,0) -> 606 | J54: =ROUND(E54/$G54/$Q$2*$H54,0) -> 58 | K54: =ROUND(F54/$G54/$Q$2*$H54,0) -> 17 | S54: 50级 | T54: 紫色孔位 | U54: 完美的赤精石 | V54: 攻击+50 | W54: ="100203;"&AA54&"@100803:"&AC54 -> 100203;75@100803:15 | X54: 1级魔防石 | Y54: ="生命+"&AA54&" 魔法防御+"&AC54 -> 生命+75 魔法防御+15 | Z54: 50 | AA54: =ROUND(Z54*1.5,0) -> 75 | AB54: 10 | AC54: 15 | AD54: 精致的物御石 | AE54: 物防+20
A55: 54 | B55: 30 | C55: 30 | D55: =B55*总表!$D$4 -> 31500 | E55: =C55*总表!$E$4 -> 3000 | F55: =C55*总表!$F$4 -> 900 | G55: 4 | H55: 1 | I55: =ROUND(D55/$G55/$Q$2*$H55,0) -> 606 | J55: =ROUND(E55/$G55/$Q$2*$H55,0) -> 58 | K55: =ROUND(F55/$G55/$Q$2*$H55,0) -> 17 | T55: 黄色孔位 | U55: 完美的防护石 | V55: 生命+150 物理防御+25 魔法防御+25 | W55: ="100203;"&AA55&"@100803:"&AC55 -> 100203;113@100803:21 | X55: 2级魔防石 | Y55: ="生命+"&AA55&" 魔法防御+"&AC55 -> 生命+113 魔法防御+21 | Z55: 75 | AA55: =ROUND(Z55*1.5,0) -> 113 | AB55: 15 | AC55: 21 | AD55: 精致的法御石 | AE55: 魔防+20
A56: 55 | B56: 30 | C56: 30 | D56: =B56*总表!$D$4 -> 31500 | E56: =C56*总表!$E$4 -> 3000 | F56: =C56*总表!$F$4 -> 900 | G56: 4 | H56: 1 | I56: =ROUND(D56/$G56/$Q$2*$H56,0) -> 606 | J56: =ROUND(E56/$G56/$Q$2*$H56,0) -> 58 | K56: =ROUND(F56/$G56/$Q$2*$H56,0) -> 17 | T56: 绿色孔位 | U56: 完美的生命石 | V56: 生命+450 | W56: ="100203;"&AA56&"@100803:"&AC56 -> 100203;150@100803:28 | X56: 3级魔防石 | Y56: ="生命+"&AA56&" 魔法防御+"&AC56 -> 生命+150 魔法防御+28 | Z56: 100 | AA56: =ROUND(Z56*1.5,0) -> 150 | AB56: 20 | AC56: 28 | AD56: 精致的风灵石 | AE56: 物防+10 魔防+10
A57: 56 | B57: 30 | C57: 30 | D57: =B57*总表!$D$4 -> 31500 | E57: =C57*总表!$E$4 -> 3000 | F57: =C57*总表!$F$4 -> 900 | G57: 4 | H57: 1 | I57: =ROUND(D57/$G57/$Q$2*$H57,0) -> 606 | J57: =ROUND(E57/$G57/$Q$2*$H57,0) -> 58 | K57: =ROUND(F57/$G57/$Q$2*$H57,0) -> 17 | T57: 蓝色孔位 | U57: 完美的碧莹石 | V57: 生命+330 物理防御+25 | W57: ="100203;"&AA57&"@100803:"&AC57 -> 100203;188@100803:36 | X57: 4级魔防石 | Y57: ="生命+"&AA57&" 魔法防御+"&AC57 -> 生命+188 魔法防御+36 | Z57: 125 | AA57: =ROUND(Z57*1.5,0) -> 188 | AB57: 25 | AC57: 36 | AD57: 精致的闪烁石 | AE57: 闪避等级+20
A58: 57 | B58: 30 | C58: 30 | D58: =B58*总表!$D$4 -> 31500 | E58: =C58*总表!$E$4 -> 3000 | F58: =C58*总表!$F$4 -> 900 | G58: 4 | H58: 1 | I58: =ROUND(D58/$G58/$Q$2*$H58,0) -> 606 | J58: =ROUND(E58/$G58/$Q$2*$H58,0) -> 58 | K58: =ROUND(F58/$G58/$Q$2*$H58,0) -> 17 | T58: 紫色孔位 | U58: 完美的黎明石 | V58: 生命+330 魔法防御+25 | W58: ="100203;"&AA58&"@100803:"&AC58 -> 100203;225@100803:45 | X58: 5级魔防石 | Y58: ="生命+"&AA58&" 魔法防御+"&AC58 -> 生命+225 魔法防御+45 | Z58: 150 | AA58: =ROUND(Z58*1.5,0) -> 225 | AB58: 30 | AC58: 45 | AD58: 闪耀的物御石 | AE58: 物防+40
A59: 58 | B59: 30 | C59: 30 | D59: =B59*总表!$D$4 -> 31500 | E59: =C59*总表!$E$4 -> 3000 | F59: =C59*总表!$F$4 -> 900 | G59: 4 | H59: 1 | I59: =ROUND(D59/$G59/$Q$2*$H59,0) -> 606 | J59: =ROUND(E59/$G59/$Q$2*$H59,0) -> 58 | K59: =ROUND(F59/$G59/$Q$2*$H59,0) -> 17 | T59: 绿色孔位 | U59: 完美的绿光石 | V59: 攻击+25 物理防御+25 | W59: ="100203;"&AA59&"@100803:"&AC59 -> 100203;300@100803:60 | X59: 6级魔防石 | Y59: ="生命+"&AA59&" 魔法防御+"&AC59 -> 生命+300 魔法防御+60 | Z59: 200 | AA59: =ROUND(Z59*1.5,0) -> 300 | AB59: 40 | AC59: 60 | AD59: 闪耀的法御石 | AE59: 魔防+40
A60: 59 | B60: 30 | C60: 30 | D60: =B60*总表!$D$4 -> 31500 | E60: =C60*总表!$E$4 -> 3000 | F60: =C60*总表!$F$4 -> 900 | G60: 4 | H60: 1 | I60: =ROUND(D60/$G60/$Q$2*$H60,0) -> 606 | J60: =ROUND(E60/$G60/$Q$2*$H60,0) -> 58 | K60: =ROUND(F60/$G60/$Q$2*$H60,0) -> 17 | T60: 黄色孔位 | U60: 完美的尖韧石 | V60: 攻击+25 魔法防御+25 | W60: ="100203;"&AA60&"@100803:"&AC60 -> 100203;375@100803:75 | X60: 7级魔防石 | Y60: ="生命+"&AA60&" 魔法防御+"&AC60 -> 生命+375 魔法防御+75 | Z60: 250 | AA60: =ROUND(Z60*1.5,0) -> 375 | AB60: 50 | AC60: 75 | AD60: 闪耀的风灵石 | AE60: 物防+20 魔防+20
A61: 60 | B61: 30 | C61: 30 | D61: =B61*总表!$D$4 -> 31500 | E61: =C61*总表!$E$4 -> 3000 | F61: =C61*总表!$F$4 -> 900 | G61: 4 | H61: 1 | I61: =ROUND(D61/$G61/$Q$2*$H61,0) -> 606 | J61: =ROUND(E61/$G61/$Q$2*$H61,0) -> 58 | K61: =ROUND(F61/$G61/$Q$2*$H61,0) -> 17 | T61: 蓝色孔位 | U61: 完美的红曜石 | V61: 攻击+25 生命+150 | W61: ="100203;"&AA61&"@100803:"&AC61 -> 100203;450@100803:90 | X61: 8级魔防石 | Y61: ="生命+"&AA61&" 魔法防御+"&AC61 -> 生命+450 魔法防御+90 | Z61: 300 | AA61: =ROUND(Z61*1.5,0) -> 450 | AB61: 60 | AC61: 90 | AD61: 闪耀的闪烁石 | AE61: 闪避等级+30
T62: 紫色孔位 | U62: 完美的冲击石 | V62: 暴击等级+25 | W62: ="100203;"&AA62&"@100803:"&AC62 -> 100203;525@100803:105 | X62: 9级魔防石 | Y62: ="生命+"&AA62&" 魔法防御+"&AC62 -> 生命+525 魔法防御+105 | Z62: 350 | AA62: =ROUND(Z62*1.5,0) -> 525 | AB62: 70 | AC62: 105 | AD62: 完美的物御石 | AE62: 物防+60
T63: 黄色孔位 | U63: 完美的精韧石 | V63: 抗暴等级+25 | W63: ="100203;"&AA63&"@100803:"&AC63 -> 100203;600@100803:120 | X63: 10级魔防石 | Y63: ="生命+"&AA63&" 魔法防御+"&AC63 -> 生命+600 魔法防御+120 | Z63: 400 | AA63: =ROUND(Z63*1.5,0) -> 600 | AB63: 80 | AC63: 120 | AD63: 完美的法御石 | AE63: 魔防+60
T64: 绿色孔位 | U64: 完美的碧绿石 | V64: 闪避等级+25 | AD64: 完美的风灵石 | AE64: 物防+30 魔防+30
T65: 蓝色孔位 | U65: 完美的瞄准石 | V65: 命中等级+25 | AD65: 完美的闪烁石 | AE65: 闪避等级+40
AD67: 优良的朴素宝石 | AE67: 血量+24 暴击等级+4
AD68: 优良的黎明宝石 | AE68: 血量+24 攻击+4
AD69: 优良的天蓝宝石 | AE69: 血量+24 技能伤害+4
AD70: 优良的魔能宝石 | AE70: 技能伤害+6 命中等级+4
AD71: 优良的巨大宝石 | AE71: 物防+6 闪避等级+4
AD72: 优良的黄晶宝石 | AE72: 魔防+6 韧性等级+4
AD73: 精致的朴素宝石 | AE73: 血量+48 暴击等级+8
AD74: 精致的黎明宝石 | AE74: 血量+48 攻击+8
AD75: 精致的天蓝宝石 | AE75: 血量+48 技能伤害+8
AD76: 精致的魔能宝石 | AE76: 技能伤害+12 命中等级+8
AD77: 精致的巨大宝石 | AE77: 物防+12 闪避等级+8
AD78: 精致的黄晶宝石 | AE78: 魔防+12 韧性等级+8
... AD97: 神秘之紫玉钻石 | AE97: 生命提升+1% 经验获取+1%;提示:此宝石一旦镶嵌将无法取回!

Sheet 宠物
B2: 五行 | C2: 金 | E2: 状态 | F2: 幼年 | H2: 宠物阵位 | I2: 金 | J2: 攻击 | L2: 继承10%的攻击属性 | Q2: 技能有啥用 | AB2: 功能列表 | AC2: 列表
C3: 木 | F3: 青年 | I3: 木 | J3: 血量 | Q3: 每多一个技能继承比例+1% 高级技能+1.5% | AC3: 重塑
C4: 水 | I4: 水 | J4: 魔法攻击 | AC4: 进化
C5: 火 | I5: 火 | J5: 攻击+物防 | AC5: 融合
C6: 土 | I6: 土 | J6: 攻击+ 魔防 | U6: 宠物激活 | AC6: 孵化
AC7: 宠物天赋
AC8: 皮肤激活
AC10: 宠物增加防守玩法的模式 | AE10: 增加道具奖励 | AF10: 防守玩法排名 | AG10: 防守玩法属性
AC11: 宠物增加天梯对抗
W12: 装备附带元素属性
B13: 属性 | C13: 血量 | F13: 天资 | G13: 血量资质 | J13: 元素属性 | K13: 金 | R13: 宠物技能
C14: 攻击 | G14: 攻击资质 | K14: 木 | R14: 爆裂击 | W14: 宠物技能有等级？
C15: 魔法 | G15: 魔法资质 | K15: 水 | AE15: 角色有个大招可以直接把5个召唤兽同时召唤上场15秒
C16: 物防 | G16: 物防资质 | K16: 火
C17: 法防 | G17: 法防资质 | K17: 土 | Q17: 宠物合成玩法
C18: 命中 | G18: 攻速资质 | U18: 宠物之核等级 | W18: 需要数量 | X18: 需要总数量 | Y18: 效果 | AA18: 颜色 | AE18: 宠物分类
C19: 闪避 | K19: 攻击相克属性有10%易伤 | U19: 1 | V19: 白色 | W19: 0 | X19: =W19*U19 -> 0 | Y19: 0.01 | AA19: 恢复性 | AB19: 生命之核 | AC19: 生命最大值提升1% | AE19: 近战
C20: 暴击 | U20: 2 | V20: 绿色 | W20: 2 | X20: =W20 -> 2 | Y20: 0.02 | AA20: 恢复性 | AB20: 闪避之核 | AC20: 闪避概率提升1% | AE20: 远程攻击
C21: 抗暴 | U21: 3 | V21: 绿色 | W21: 2 | X21: =X20*W21 -> 4 | Y21: 0.03 | AA21: 进攻型 | AB21: 攻击之核 | AC21: 攻击提升1% | AE21: 远程法术
C22: 移动 | U22: 4 | V22: 蓝色 | W22: 2 | X22: =X21*W22 -> 8 | Y22: 0.04 | AA22: 进攻型 | AB22: 魔法之核 | AC22: 魔法提升1% | AE22: 防御 | AF22: 靠近前排
C23: 攻速 | K23: 金：增强金系法术伤害，增强法术攻击，提升金系法术抗性。 | U23: 5 | V23: 蓝色 | W23: 2 | X23: =X22*W23 -> 16 | Y23: 0.05 | AA23: 进攻型 | AB23: 暴击之核 | AC23: 暴击概率提升1% | AE23: 控制系 | AF23: 嘲讽系
K24: 木：增强木系法术伤害，增加气血和法力上限，提升木系法术抗性。 | U24: 6 | V24: 蓝色 | W24: 2 | X24: =X23*W24 -> 32 | Y24: 0.06 | AA24: 防御型 | AB24: 物防之核 | AC24: 物防提升1% 生命提升0.5%
K25: 土：增强突袭法术伤害，增强物理攻击伤害、提升命中率，提升土系法术抗性。 | U25: 7 | V25: 紫色 | W25: 2 | X25: =X24*W25 -> 64 | Y25: 0.07 | AA25: 防御型 | AB25: 法防之核 | AC25: 法防提升1% 生命提升0.5%
K26: 水：增强水系法术伤害，增强防御，提升水系法术抗性。 | U26: 8 | V26: 紫色 | W26: 2 | X26: =X25*W26 -> 128 | Y26: 0.08
K27: 火：增强火系法术伤害，提升攻击速度，提升火系法术抗性。 | U27: 9 | V27: 紫色 | W27: 2 | X27: =X26*W27 -> 256 | Y27: 0.09 | AA27: 特殊之核
U28: 10 | V28: 紫色 | W28: 2 | X28: =X27*W28 -> 512 | Y28: 0.1 | AA28: 附带特殊技能的,无需升级,稀有道具
J29: 怪物技能 | K29: 召唤 | L29: 召唤己方的助手协助自己攻击
K30: 闪电链
W32: 普通攻击形式 | X32: 宠物技能 | AB32: 被动技能
K33: 宠物加点 | L33: 攻击 | R33: 1000101 | U33: 宠物 | V33: 小鸭鸭 | W33: 近战 | X33: 对当前直线单位造成伤害 | AB33: 勇猛 | AC33: 物理攻击提升10%
L34: 魔法 | R34: 1000201 | U34: 宠物 | V34: 小松鼠 | W34: 远程 | X34: 恢复 | AB34: 暴击 | AC34: 暴击概率提升10%
L35: 防御 | R35: 1000301 | U35: 宠物 | V35: 小灰狼 | W35: 近战 | X35: 单体目标伤害 | AB35: 魔法 | AC35: 魔法攻击提升10%
B36: 1 | C36: 160 | L36: 物防 | R36: 1000401 | U36: 宠物 | V36: 仙人掌 | W36: 近战 | X36: 范围会持续伤害 | AB36: 集中 | AC36: 闪避概率提升10%,命中概率提升10%
B37: 1 | C37: 22.7 | L37: 血量 | R37: 1000501 | U37: 宠物 | V37: 团团 | W37: 远程 | X37: 范围型伤害 | AB37: 移动 | AC37: 移动速度提升10%
B38: 1 | C38: 65 | R38: 1000601 | U38: 宠物 | V38: 企鹅 | W38: 近战 | X38: 队友加攻击buff | AB38: 连击 | AC38: 连击攻击目标两次
B39: 2 | C39: 213 | R39: 1000701 | U39: 宠物 | V39: 蛇蛇 | W39: 远程 | X39: 毒圈 | AB39: 反击 | AC39: 受到攻击时有20%概率立即对目标造成一次伤害
B40: 3 | C40: 89 | R40: 1000801 | U40: 宠物 | V40: 萝卜头 | W40: 远程 | X40: 闪电链 | AB40: 反震 | AC40: 受到物理攻击有30%概率给与攻击者反震,造成的反正伤害为受到伤害的50%
B41: 3 | C41: 40 | AB41: 抵抗 | AC41: 受到魔法技能攻击有10%概率进行抵抗 | AH41: 80001001 | AI41: 勇猛
B42: 3 | C42: 95 | Y42: 80001001 | Z42: 勇猛 | AB42: 生命 | AC42: 血量提升10% | AH42: 80001002 | AI42: 暴击
B43: 4 | C43: 60 | Y43: 80001002 | Z43: 暴击 | AB43: 再生 | AC43: 每秒恢复最大生命值的1% | AH43: 80001003 | AI43: 魔法
Y44: 80001003 | Z44: 魔法 | AB44: 神迹 | AC44: 受到异常状态有50%概率进行抵抗 | AH44: 80001004 | AI44: 集中
Y45: 80001004 | Z45: 集中 | AB45: 灵巧 | AC45: 受到技能攻击有20%概率进行闪避 | AH45: 80001005 | AI45: 移动
C46: 744 | Y46: 80001005 | Z46: 移动 | AB46: 神佑 | AC46: 生命变为0时有10%概率立即恢复全部生命值 | AH46: 80001006 | AI46: 连击
Y47: 80001006 | Z47: 连击 | AB47: 破咒 | AC47: 当目标有神佑技能时,造成伤害提升50% | AH47: 80001007 | AI47: 反击
Y48: 80001007 | Z48: 反击 | AB48: 防御 | AC48: 物防和魔防提升10% | AH48: 80001008 | AI48: 反震
Y49: 80001008 | Z49: 反震 | AB49: 幸运 | AC49: 受到目标攻击有10%概率恢复造成伤害的50%生命值 | AH49: 80001009 | AI49: 抵抗
Y50: 80001009 | Z50: 抵抗 | AB50: 强力 | AC50: 攻击目标造成的伤害提升10% | AH50: 80001010 | AI50: 生命
Y51: 80001010 | Z51: 生命 | AB51: 防护 | AC51: 受到目标攻击造成的伤害降低10% | AH51: 80001011 | AI51: 再生
Y52: 80001011 | Z52: 再生 | AB52: 专注 | AC52: 释放技能时有10%概率连续释放2次 | AH52: 80001012 | AI52: 神迹
Y53: 80001012 | Z53: 神迹 | AH53: 80001013 | AI53: 灵巧
Y54: 80001013 | Z54: 灵巧 | AH54: 80001014 | AI54: 神佑
Y55: 80001014 | Z55: 神佑 | AH55: 80001015 | AI55: 破咒
Y56: 80001015 | Z56: 破咒 | AB56: 属性吸收 | AH56: 80001016 | AI56: 防御
Y57: 80001016 | Z57: 防御 | AB57: 金 | AC57: 受到金属性的攻击有20%概率免疫目标的一切攻击,并恢复50%攻击伤害为己方生命值 | AH57: 80001017 | AI57: 幸运
Y58: 80001017 | Z58: 幸运 | AB58: 木 | AC58: 受到金属性的攻击有20%概率免疫目标的一切攻击,并恢复50%攻击伤害为己方生命值 | AH58: 80001018 | AI58: 强力
Y59: 80001018 | Z59: 强力 | AB59: 水 | AC59: 受到金属性的攻击有20%概率免疫目标的一切攻击,并恢复50%攻击伤害为己方生命值 | AH59: 80001019 | AI59: 防护
Y60: 80001019 | Z60: 防护 | AB60: 火 | AC60: 受到金属性的攻击有20%概率免疫目标的一切攻击,并恢复50%攻击伤害为己方生命值 | AH60: 80001020 | AI60: 专注
Y61: 80001020 | Z61: 专注 | AB61: 土 | AC61: 受到金属性的攻击有20%概率免疫目标的一切攻击,并恢复50%攻击伤害为己方生命值
AB63: 弱点
AB64: 金 | AC64: 受到金属性攻击将额外承受30%伤害
AB65: 木 | AC65: 受到木属性攻击将额外承受30%伤害
A66: 70000011 | B66: 1000101 | C66: 小鸭鸭 | D66: 1 | E66: 80001001 | F66: 勇猛 | K66: 80001010 | L66: 生命 | M66: 0.2 | N66: 80001014 | O66: 神佑 | P66: 0.2 | Q66: 80001015 | R66: 破咒 | S66: 0.2 | X66: =E66&";"&G66 -> 80001001; | Z66: =K66&","&M66&";"&N66&","&P66&";"&Q66&","&S66&";"&T66&","&V66 -> 80001010,0.2;80001014,0.2;80001015,0.2;, | AB66: 水 | AC66: 受到水属性攻击将额外承受30%伤害 | AE66: =SUMIF($AI$66:$AI$140,AF66,$AJ$66:$AJ$140) -> 2 | AF66: 80001001 | AG66: 勇猛 | AI66: 80001001 | AJ66: 1
A67: 70000012 | B67: 1000201 | C67: 小松鼠 | D67: 1 | E67: 80001002 | F67: 暴击 | G67: 80001013 | H67: 灵巧 | K67: 80001009 | L67: 抵抗 | M67: 0.2 | N67: 80001025 | O67: 闪击 | P67: 0.2 | X67: =E67&";"&G67 -> 80001002;80001013 | Z67: =K67&","&M67&";"&N67&","&P67&";"&Q67&","&S67&";"&T67&","&V67 -> 80001009,0.2;80001025,0.2;,;, | AB67: 火 | AC67: 受到火属性攻击将额外承受30%伤害 | AE67: =SUMIF($AI$66:$AI$140,AF67,$AJ$66:$AJ$140) -> 3 | AF67: 80001002 | AG67: 暴击 | AI67: 80001002 | AJ67: 1
A68: 70000011 | B68: 1000301 | C68: 小灰狼 | D68: 1 | E68: 80001018 | F68: 强力 | K68: 80001012 | L68: 神迹 | M68: 0.2 | N68: 80001004 | O68: 集中 | P68: 0.2 | Q68: 80001007 | R68: 反击 | S68: 0.2 | X68: =E68&";"&G68 -> 80001018; | Z68: =K68&","&M68&";"&N68&","&P68&";"&Q68&","&S68&";"&T68&","&V68 -> 80001012,0.2;80001004,0.2;80001007,0.2;, | AB68: 土 | AC68: 受到土属性攻击将额外承受30%伤害 | AE68: =SUMIF($AI$66:$AI$140,AF68,$AJ$66:$AJ$140) -> 1 | AF68: 80001003 | AG68: 魔法 | AI68: 80001018 | AJ68: 1
A69: 70000011 | B69: 1000401 | C69: 仙人掌 | D69: 2 | E69: 80001004 | F69: 集中 | K69: 80002007 | L69: 高阶反击 | M69: 0.2 | N69: 80001023 | O69: 嘲讽 | P69: 0.2 | Q69: 80003001 | R69: 尖刺刺身 | S69: 0.1 | X69: =E69&";"&G69 -> 80001004; | Z69: =K69&","&M69&";"&N69&","&P69&";"&Q69&","&S69&";"&T69&","&V69 -> 80002007,0.2;80001023,0.2;80003001,0.1;, | AE69: =SUMIF($AI$66:$AI$140,AF69,$AJ$66:$AJ$140) -> 3 | AF69: 80001004 | AG69: 集中 | AI69: 80001004 | AJ69: 1
A70: 70000012 | B70: 1000501 | C70: 团团 | D70: 2 | E70: 80001005 | F70: 移动 | G70: 80001019 | H70: 防护 | K70: 80001017 | L70: 幸运 | M70: 0.2 | N70: 80001008 | O70: 反震 | P70: 0.2 | Q70: 80001021 | R70: 魔焰 | S70: 0.2 | X70: =E70&";"&G70 -> 80001005;80001019 | Z70: =K70&","&M70&";"&N70&","&P70&";"&Q70&","&S70&";"&T70&","&V70 -> 80001017,0.2;80001008,0.2;80001021,0.2;, | AE70: =SUMIF($AI$66:$AI$140,AF70,$AJ$66:$AJ$140) -> 2 | AF70: 80001005 | AG70: 移动 | AI70: 80001005 | AJ70: 1
A71: 70000011 | B71: 1000601 | C71: 企鹅 | D71: 2 | E71: 80001006 | F71: 连击 | K71: 80001015 | L71: 破咒 | M71: 0.2 | N71: 80001010 | O71: 生命 | P71: 0.2 | Q71: 80002006 | R71: 高阶连击 | S71: 0.2 | X71: =E71&";"&G71 -> 80001006; | Z71: =K71&","&M71&";"&N71&","&P71&";"&Q71&","&S71&";"&T71&","&V71 -> 80001015,0.2;80001010,0.2;80002006,0.2;, | AE71: =SUMIF($AI$66:$AI$140,AF71,$AJ$66:$AJ$140) -> 3 | AF71: 80001006 | AG71: 重击 | AI71: 80001006 | AJ71: 1
A72: 70000011 | B72: 1000701 | C72: 蛇蛇 | D72: 3 | E72: 80001007 | F72: 反击 | K72: 80001006 | L72: 连击 | M72: 0.2 | N72: 80002018 | O72: 高阶强力 | P72: 0.2 | Q72: 80001022 | R72: 破甲 | S72: 0.2 | T72: 80003002 | U72: 蛇击 | V72: 0.1 | X72: =E72&";"&G72 -> 80001007; | Z72: =K72&","&M72&";"&N72&","&P72&";"&Q72&","&S72&";"&T72&","&V72 -> 80001006,0.2;80002018,0.2;80001022,0.2;80003002,0.1 | AE72: =SUMIF($AI$66:$AI$140,AF72,$AJ$66:$AJ$140) -> 2 | AF72: 80001007 | AG72: 反击 | AI72: 80001007 | AJ72: 1
A73: 70000011 | B73: 1000801 | C73: 萝卜头 | D73: 3 | E73: 80001008 | F73: 反震 | G73: 80001020 | H73: 专注 | K73: 80001011 | L73: 再生 | M73: 0.2 | N73: 80002015 | O73: 高阶破咒 | P73: 0.2 | Q73: 80001024 | R73: 奋勇 | S73: 0.2 | X73: =E73&";"&G73 -> 80001008;80001020 | Z73: =K73&","&M73&";"&N73&","&P73&";"&Q73&","&S73&";"&T73&","&V73 -> 80001011,0.2;80002015,0.2;80001024,0.2;, | AE73: =SUMIF($AI$66:$AI$140,AF73,$AJ$66:$AJ$140) -> 2 | AF73: 80001008 | AG73: 反震 | AI73: 80001008 | AJ73: 1
A74: 70000011 | B74: 1000901 | C74: 雷霆猪 | D74: 2 | E74: 80001009 | F74: 抵抗 | K74: 80002001 | L74: 高阶勇猛 | M74: 0.2 | N74: 80001014 | O74: 神佑 | P74: 0.2 | Q74: 80001028 | R74: 崩裂 | S74: 0.2 | T74: 80002022 | U74: 高阶破甲 | V74: 0.2 | X74: =E74&";"&G74 -> 80001009; | Z74: =K74&","&M74&";"&N74&","&P74&";"&Q74&","&S74&";"&T74&","&V74 -> 80002001,0.2;80001014,0.2;80001028,0.2;80002022,0.2 | AE74: =SUMIF($AI$66:$AI$140,AF74,$AJ$66:$AJ$140) -> 2 | AF74: 80001009 | AG74: 抵抗 | AI74: 80001009 | AJ74: 1
A75: 70000011 | B75: 1001001 | C75: 乌贼女士 | D75: 3 | E75: 80001010 | F75: 生命 | G75: 80001001 | H75: 勇猛 | K75: 80001002 | L75: 暴击 | M75: 0.2 | N75: 80002019 | O75: 高阶防护 | P75: 0.2 | Q75: 80003003 | R75: 毒墨攻击 | S75: 0.1 | X75: =E75&";"&G75 -> 80001010;80001001 | Z75: =K75&","&M75&";"&N75&","&P75&";"&Q75&","&S75&";"&T75&","&V75 -> 80001002,0.2;80002019,0.2;80003003,0.1;, | AE75: =SUMIF($AI$66:$AI$140,AF75,$AJ$66:$AJ$140) -> 3 | AF75: 80001010 | AG75: 生命 | AI75: 80001010 | AJ75: 1
A76: 70000012 | B76: 1001101 | C76: 魔法精灵 | D76: 3 | E76: 80001011 | F76: 再生 | G76: 80001003 | H76: 魔法 | K76: 80001015 | L76: 破咒 | M76: 0.2 | N76: 80002002 | O76: 高阶暴击 | P76: 0.2 | Q76: 80001027 | R76: 嫁祸 | S76: 0.1 | T76: 80002021 | U76: 高阶魔焰 | V76: 0.1 | X76: =E76&";"&G76 -> 80001011;80001003 | Z76: =K76&","&M76&";"&N76&","&P76&";"&Q76&","&S76&";"&T76&","&V76 -> 80001015,0.2;80002002,0.2;80001027,0.1;80002021,0.1 | AE76: =SUMIF($AI$66:$AI$140,AF76,$AJ$66:$AJ$140) -> 2 | AF76: 80001011 | AG76: 再生 | AI76: 80001011 | AJ76: 1
A77: 70000012 | B77: 1001201 | C77: 魔法娃娃 | D77: 3 | E77: 80001012 | F77: 神迹 | G77: 80002025 | H77: 高阶闪击 | K77: 80002010 | L77: 高阶生命 | M77: 0.2 | N77: 80002003 | O77: 高阶魔法 | P77: 0.2 | Q77: 80001026 | R77: 缓速 | S77: 0.1 | T77: 80002027 | U77: 高阶嫁祸 | V77: 0.1 | X77: =E77&";"&G77 -> 80001012;80002025 | Z77: =K77&","&M77&";"&N77&","&P77&";"&Q77&","&S77&";"&T77&","&V77 -> 80002010,0.2;80002003,0.2;80001026,0.1;80002027,0.1 | AE77: =SUMIF($AI$66:$AI$140,AF77,$AJ$66:$AJ$140) -> 2 | AF77: 80001012 | AG77: 神迹 | AI77: 80001012 | AJ77: 1
A78: 70000011 | B78: 1001301 | C78: 淘气包 | D78: 3 | E78: 80001006 | F78: 连击 | K78: 80002004 | L78: 高阶集中 | M78: 0.2 | N78: 80002016 | O78: 高阶防御 | P78: 0.2 | Q78: 80002023 | R78: 高阶嘲讽 | S78: 0.2 | T78: 80003004 | U78: 淘气爆炸 | V78: 0.1 | X78: =E78&";"&G78 -> 80001006; | Z78: =K78&","&M78&";"&N78&","&P78&";"&Q78&","&S78&";"&T78&","&V78 -> 80002004,0.2;80002016,0.2;80002023,0.2;80003004,0.1 | AE78: =SUMIF($AI$66:$AI$140,AF78,$AJ$66:$AJ$140) -> 1 | AF78: 80001013 | AG78: 灵巧 | AI78: 80001006 | AJ78: 1
A79: 70000012 | B79: 1001401 | C79: 光明天使 | D79: 3 | E79: 80001014 | F79: 神佑 | K79: 80002009 | L79: 高阶抵抗 | M79: 0.2 | N79: 80002013 | O79: 高阶灵巧 | P79: 0.2 | Q79: 80002003 | R79: 高阶魔法 | S79: 0.2 | T79: 80003005 | U79: 闪电链 | V79: 0.1 | X79: =E79&";"&G79 -> 80001014; | Z79: =K79&","&M79&";"&N79&","&P79&";"&Q79&","&S79&";"&T79&","&V79 -> 80002009,0.2;80002013,0.2;80002003,0.2;80003005,0.1 | AE79: =SUMIF($AI$66:$AI$140,AF79,$AJ$66:$AJ$140) -> 3 | AF79: 80001014 | AG79: 神佑 | AI79: 80001014 | AJ79: 1
B80: 1009101 | C80: 铁甲勇士 | D80: 4 | E80: 80002008 | F80: 高阶反震 | G80: 80001016 | H80: 防御 | K80: 80002017 | L80: 高阶幸运 | M80: 0.2 | N80: 80002018 | O80: 高阶强力 | P80: 0.2 | Q80: 80003006 | R80: 铁甲之力 | S80: 0.1 | X80: =E80&";"&G80 -> 80002008;80001016 | Z80: =K80&","&M80&";"&N80&","&P80&";"&Q80&","&S80&";"&T80&","&V80 -> 80002017,0.2;80002018,0.2;80003006,0.1;, | AE80: =SUMIF($AI$66:$AI$140,AF80,$AJ$66:$AJ$140) -> 3 | AF80: 80001015 | AG80: 破咒 | AI80: 80001013 | AJ80: 1
B81: 1009201 | C81: 迷狐之妖 | D81: 4 | E81: 80002024 | F81: 高阶奋勇 | K81: 80002014 | L81: 高阶神佑 | M81: 0.2 | N81: 80001020 | O81: 专注 | P81: 0.2 | Q81: 80001026 | R81: 缓速 | S81: 0.2 | T81: 80003007 | U81: 迷惑之术 | V81: 0.1 | X81: =E81&";"&G81 -> 80002024; | Z81: =K81&","&M81&";"&N81&","&P81&";"&Q81&","&S81&";"&T81&","&V81 -> 80002014,0.2;80001020,0.2;80001026,0.2;80003007,0.1 | AE81: =SUMIF($AI$66:$AI$140,AF81,$AJ$66:$AJ$140) -> 0 | AF81: 80001016 | AG81: 防御 | AJ81: 1
B82: 1009301 | C82: 爱心之灵 | D82: 4 | E82: 80002005 | F82: 高阶移动 | K82: 80002020 | L82: 高阶专注 | M82: 0.2 | N82: 80002026 | O82: 高阶缓速 | P82: 0.2 | Q82: 80001003 | R82: 魔法 | S82: 0.2 | T82: 80003008 | U82: 天使之翼 | V82: 0.1 | X82: =E82&";"&G82 -> 80002005; | Z82: =K82&","&M82&";"&N82&","&P82&";"&Q82&","&S82&";"&T82&","&V82 -> 80002020,0.2;80002026,0.2;80001003,0.2;80003008,0.1 | AE82: =SUMIF($AI$66:$AI$140,AF82,$AJ$66:$AJ$140) -> 1 | AF82: 80001017 | AG82: 幸运 | AI82: 80001018 | AJ82: 1
AE83: =SUMIF($AI$66:$AI$140,AF83,$AJ$66:$AJ$140) -> 3 | AF83: 80001018 | AG83: 强力 | AI83: 80001019 | AJ83: 1
AE84: =SUMIF($AI$66:$AI$140,AF84,$AJ$66:$AJ$140) -> 1 | AF84: 80001019 | AG84: 防护 | AJ84: 1
AE85: =SUMIF($AI$66:$AI$140,AF85,$AJ$66:$AJ$140) -> 1 | AF85: 80001020 | AG85: 专注 | AI85: 80001005 | AJ85: 1
AE86: =SUMIF($AI$66:$AI$140,AF86,$AJ$66:$AJ$140) -> 1 | AF86: 80001021 | AG86: 魔焰 | AI86: 80001020 | AJ86: 1
B87: 2000001 | C87: 精灵麋鹿 | F87: 神之专属 | H87: 高阶防护 | J87: 高阶幸运 | L87: 高阶防御 | N87: 高阶灵巧 | P87: 高阶生命 | R87: 高阶嘲讽 | T87: 高阶反震 | AA87: =G87&";"&I87&";"&K87&";"&M87&";"&O87&";"&Q87&";"&#REF!&";"&S87 -> #REF! | AE87: =SUMIF($AI$66:$AI$140,AF87,$AJ$66:$AJ$140) -> 1 | AF87: 80001022 | AG87: 破甲 | AI87: 80001002 | AJ87: 1
B88: 2000002 | C88: 幽光晴晴 | F88: 神之专属 | H88: 高阶魔焰 | J88: 高阶魔法 | L88: 高阶暴击 | N88: 高阶闪击 | P88: 高阶奋勇 | R88: 高阶专注 | T88: 高阶嫁祸 | AA88: =#REF!&";"&G88&";"&I88&";"&K88&";"&M88&";"&O88&";"&Q88&";"&S88 -> #REF! | AE88: =SUMIF($AI$66:$AI$140,AF88,$AJ$66:$AJ$140) -> 2 | AF88: 80001023 | AG88: 嘲讽 | AI88: 80001001 | AJ88: 1
B89: 2000003 | F89: 神之专属 | H89: 高阶暴击 | J89: 高阶勇猛 | L89: 高阶重击 | N89: 高阶再生 | P89: 高阶强力 | R89: 高阶崩裂 | T89: 高阶破甲 | AA89: =#REF!&";"&G89&";"&I89&";"&K89&";"&M89&";"&O89&";"&Q89&";"&S89 -> #REF! | AE89: =SUMIF($AI$66:$AI$140,AF89,$AJ$66:$AJ$140) -> 1 | AF89: 80001024 | AG89: 奋勇 | AI89: 80001003 | AJ89: 1
AE90: =SUMIF($AI$66:$AI$140,AF90,$AJ$66:$AJ$140) -> 1 | AF90: 80001025 | AG90: 闪击 | AI90: 80002025 | AJ90: 1
AE91: =SUMIF($AI$66:$AI$140,AF91,$AJ$66:$AJ$140) -> 1 | AF91: 80001026 | AG91: 缓速 | AI91: 80002018 | AJ91: 1
B92: 80001001 | C92: 勇猛 | D92: 80002001 | E92: 高阶勇猛 | F92: 80003001 | G92: 吸收:金 | U92: 1 | V92: =1-U92 -> 0 | W92: =V92/2 -> 0 | X92: =V92*2 -> 0 | AE92: =SUMIF($AI$66:$AI$140,AF92,$AJ$66:$AJ$140) -> 1 | AF92: 80001027 | AG92: 嫁祸 | AI92: 80002021 | AJ92: 1
B93: 80001002 | C93: 暴击 | D93: 80002002 | E93: 高阶暴击 | F93: 80003002 | G93: 吸收:木 | U93: 0.9 | V93: =1-U93 -> 0.1 | W93: =V93/4 -> 0.025 | X93: =V93/2.5 -> 0.04 | AE93: =SUMIF($AI$66:$AI$140,AF93,$AJ$66:$AJ$140) -> 2 | AF93: 80001028 | AG93: 崩裂 | AI93: 80001010 | AJ93: 1
B94: 80001003 | C94: 魔法 | D94: 80002003 | E94: 高阶魔法 | F94: 80003003 | G94: 吸收:水 | U94: 0.8 | V94: =1-U94 -> 0.2 | W94: =V94/4 -> 0.05 | X94: =V94/2.5 -> 0.08 | AE94: =SUMIF($AI$66:$AI$140,AF94,$AJ$66:$AJ$140) -> 2 | AF94: 80002001 | AG94: 高阶勇猛 | AI94: 80001009 | AJ94: 1
B95: 80001004 | C95: 集中 | D95: 80002004 | E95: 高阶集中 | F95: 80003004 | G95: 吸收:火 | U95: 0.7 | V95: =1-U95 -> 0.3 | W95: =V95/4 -> 0.075 | X95: =V95/2.5 -> 0.12 | AE95: =SUMIF($AI$66:$AI$140,AF95,$AJ$66:$AJ$140) -> 1 | AF95: 80002002 | AG95: 高阶暴击 | AI95: 80001012 | AJ95: 1
B96: 80001005 | C96: 移动 | D96: 80002005 | E96: 高阶移动 | F96: 80003005 | G96: 吸收:土 | U96: 0.6 | V96: =1-U96 -> 0.4 | W96: =V96/4 -> 0.1 | X96: =V96/2.5 -> 0.16 | AE96: =SUMIF($AI$66:$AI$140,AF96,$AJ$66:$AJ$140) -> 2 | AF96: 80002003 | AG96: 高阶魔法 | AI96: 80001004 | AJ96: 1
B97: 80001006 | C97: 连击 | D97: 80002006 | E97: 高阶连击 | F97: 80003006 | G97: 弱势:金 | U97: 0.5 | V97: =1-U97 -> 0.5 | W97: =V97/4 -> 0.125 | X97: =V97/2.5 -> 0.2 | AE97: =SUMIF($AI$66:$AI$140,AF97,$AJ$66:$AJ$140) -> 1 | AF97: 80002004 | AG97: 高阶集中 | AI97: 80001017 | AJ97: 1
B98: 80001007 | C98: 反击 | D98: 80002007 | E98: 高阶反击 | F98: 80003007 | G98: 弱势:木 | U98: 0.4 | V98: =1-U98 -> 0.6 | W98: =V98/4 -> 0.15 | X98: =V98/2.5 -> 0.24 | AE98: =SUMIF($AI$66:$AI$140,AF98,$AJ$66:$AJ$140) -> 0 | AF98: 80002005 | AG98: 高阶移动 | AI98: 80001015 | AJ98: 1
B99: 80001008 | C99: 反震 | D99: 80002008 | E99: 高阶反震 | F99: 80003008 | G99: 弱势:水 | U99: 0.3 | V99: =1-U99 -> 0.7 | W99: =V99/4 -> 0.175 | X99: =V99/2.5 -> 0.28 | AE99: =SUMIF($AI$66:$AI$140,AF99,$AJ$66:$AJ$140) -> 1 | AF99: 80002006 | AG99: 高阶重击 | AI99: 80001006 | AJ99: 1
B100: 80001009 | C100: 抵抗 | D100: 80002009 | E100: 高阶抵抗 | F100: 80003009 | G100: 弱势:火 | U100: 0.2 | V100: =1-U100 -> 0.8 | W100: =V100/4 -> 0.2 | X100: =V100/2.5 -> 0.32 | AE100: =SUMIF($AI$66:$AI$140,AF100,$AJ$66:$AJ$140) -> 1 | AF100: 80002007 | AG100: 高阶反击 | AI100: 80001011 | AJ100: 1
B101: 80001010 | C101: 生命 | D101: 80002010 | E101: 高阶生命 | F101: 80003010 | G101: 弱势:土 | U101: 0.1 | V101: =1-U101 -> 0.9 | W101: =V101/4 -> 0.225 | X101: =V101/2.5 -> 0.36 | AE101: =SUMIF($AI$66:$AI$140,AF101,$AJ$66:$AJ$140) -> 0 | AF101: 80002008 | AG101: 高阶反震 | AI101: 80002001 | AJ101: 1
B102: 80001011 | C102: 再生 | D102: 80002011 | E102: 高阶再生 | AE102: =SUMIF($AI$66:$AI$140,AF102,$AJ$66:$AJ$140) -> 1 | AF102: 80002009 | AG102: 高阶抵抗 | AI102: 80001002 | AJ102: 1
B103: 80001012 | C103: 神迹 | D103: 80002012 | E103: 高阶神迹 | AE103: =SUMIF($AI$66:$AI$140,AF103,$AJ$66:$AJ$140) -> 1 | AF103: 80002010 | AG103: 高阶生命 | AI103: 80001015 | AJ103: 1
B104: 80001013 | C104: 灵巧 | D104: 80002013 | E104: 高阶灵巧 | AE104: =SUMIF($AI$66:$AI$140,AF104,$AJ$66:$AJ$140) -> 0 | AF104: 80002011 | AG104: 高阶再生 | AI104: 80002010 | AJ104: 1
...

Sheet 宠物属性
A1: 等级 | B1: 血量系数 | C1: 属性系数 | D1: 血量 | E1: 攻击 | F1: 物防 | G1: 魔防
A2: 1 | B2: 1.375 | C2: 2.75 | D2: =$B2*总表!D$4 -> 1443.75 | E2: =$C2*总表!E$4 -> 275 | F2: =$C2*总表!F$4 -> 82.5 | G2: =$C2*总表!G$4 -> 82.5 | O2: 宠物加点
A3: 2 | B3: =B2+0.125 -> 1.5 | C3: =C2+0.25 -> 3 | D3: =$B3*总表!D$4 -> 1575 | E3: =$C3*总表!E$4 -> 300 | F3: =$C3*总表!F$4 -> 90 | G3: =$C3*总表!G$4 -> 90 | I3: =D3-D2 -> 131.25 | J3: =E3-E2 -> 25 | K3: =F3-F2 -> 7.5 | L3: =G3-G2 -> 7.5 | O3: 力量 | P3: 10点攻击 | S3: 体质
A4: 3 | B4: =B3+0.125 -> 1.625 | C4: =C3+0.25 -> 3.25 | D4: =$B4*总表!D$4 -> 1706.25 | E4: =$C4*总表!E$4 -> 325 | F4: =$C4*总表!F$4 -> 97.5 | G4: =$C4*总表!G$4 -> 97.5 | O4: 智力 | P4: 10点魔法 | S4: 敏捷
A5: 4 | B5: =B4+0.125 -> 1.75 | C5: =C4+0.25 -> 3.5 | D5: =$B5*总表!D$4 -> 1837.5 | E5: =$C5*总表!E$4 -> 350 | F5: =$C5*总表!F$4 -> 105 | G5: =$C5*总表!G$4 -> 105 | I5: 2887.5 | J5: 500 | K5: 41 | L5: 41 | O5: 体质 | P5: 40点生命 | S5: 力量
A6: 5 | B6: =B5+0.125 -> 1.875 | C6: =C5+0.25 -> 3.75 | D6: =$B6*总表!D$4 -> 1968.75 | E6: =$C6*总表!E$4 -> 375 | F6: =$C6*总表!F$4 -> 112.5 | G6: =$C6*总表!G$4 -> 112.5 | I6: =I5-I3 -> 2756.25 | J6: =J5-J3 -> 475 | K6: =K5-K3 -> 33.5 | L6: =L5-L3 -> 33.5 | O6: 耐力 | P6: 20生命+5点物理防御+5点魔法防御 | S6: 智力
A7: 6 | B7: =B6+0.125 -> 2 | C7: =C6+0.25 -> 4 | D7: =$B7*总表!D$4 -> 2100 | E7: =$C7*总表!E$4 -> 400 | F7: =$C7*总表!F$4 -> 120 | G7: =$C7*总表!G$4 -> 120 | S7: 耐力
A8: 7 | B8: =B7+0.125 -> 2.125 | C8: =C7+0.25 -> 4.25 | D8: =$B8*总表!D$4 -> 2231.25 | E8: =$C8*总表!E$4 -> 425 | F8: =$C8*总表!F$4 -> 127.5 | G8: =$C8*总表!G$4 -> 127.5 | O8: 5点属性 | P8: =4*5+1*5 -> 25
A9: 8 | B9: =B8+0.125 -> 2.25 | C9: =C8+0.25 -> 4.5 | D9: =$B9*总表!D$4 -> 2362.5 | E9: =$C9*总表!E$4 -> 450 | F9: =$C9*总表!F$4 -> 135 | G9: =$C9*总表!G$4 -> 135
A10: 9 | B10: =B9+0.125 -> 2.375 | C10: =C9+0.25 -> 4.75 | D10: =$B10*总表!D$4 -> 2493.75 | E10: =$C10*总表!E$4 -> 475 | F10: =$C10*总表!F$4 -> 142.5 | G10: =$C10*总表!G$4 -> 142.5
A11: 10 | B11: =B10+0.125 -> 2.5 | C11: =C10+0.25 -> 5 | D11: =$B11*总表!D$4 -> 2625 | E11: =$C11*总表!E$4 -> 500 | F11: =$C11*总表!F$4 -> 150 | G11: =$C11*总表!G$4 -> 150 | P11: 6
A12: 11 | B12: =B11+0.125 -> 2.625 | C12: =C11+0.25 -> 5.25 | D12: =$B12*总表!D$4 -> 2756.25 | E12: =$C12*总表!E$4 -> 525 | F12: =$C12*总表!F$4 -> 157.5 | G12: =$C12*总表!G$4 -> 157.5
A13: 12 | B13: =B12+0.125 -> 2.75 | C13: =C12+0.25 -> 5.5 | D13: =$B13*总表!D$4 -> 2887.5 | E13: =$C13*总表!E$4 -> 550 | F13: =$C13*总表!F$4 -> 165 | G13: =$C13*总表!G$4 -> 165 | S13: 1500 | T13: 1280 | U13: =S13-T13 -> 220 | V13: =U13/750 -> 0.29333333 | W13: =1-V13 -> 0.70666667
A14: 13 | B14: =B13+0.125 -> 2.875 | C14: =C13+0.25 -> 5.75 | D14: =$B14*总表!D$4 -> 3018.75 | E14: =$C14*总表!E$4 -> 575 | F14: =$C14*总表!F$4 -> 172.5 | G14: =$C14*总表!G$4 -> 172.5 | P14: 2 | S14: 1500 | T14: 1380 | U14: =S14-T14 -> 120 | V14: =U14/750 -> 0.16 | W14: =1-V14 -> 0.84
A15: 14 | B15: =B14+0.125 -> 3 | C15: =C14+0.25 -> 6 | D15: =$B15*总表!D$4 -> 3150 | E15: =$C15*总表!E$4 -> 600 | F15: =$C15*总表!F$4 -> 180 | G15: =$C15*总表!G$4 -> 180 | S15: 1500 | T15: 1480 | U15: =S15-T15 -> 20 | V15: =U15/750 -> 0.026666667 | W15: =1-V15 -> 0.97333333
A16: 15 | B16: =B15+0.125 -> 3.125 | C16: =C15+0.25 -> 6.25 | D16: =$B16*总表!D$4 -> 3281.25 | E16: =$C16*总表!E$4 -> 625 | F16: =$C16*总表!F$4 -> 187.5 | G16: =$C16*总表!G$4 -> 187.5 | S16: 1500 | T16: 1280 | U16: =S16-T16 -> 220 | V16: =U16/750 -> 0.29333333 | W16: =1-V16 -> 0.70666667
A17: 16 | B17: =B16+0.125 -> 3.25 | C17: =C16+0.25 -> 6.5 | D17: =$B17*总表!D$4 -> 3412.5 | E17: =$C17*总表!E$4 -> 650 | F17: =$C17*总表!F$4 -> 195 | G17: =$C17*总表!G$4 -> 195
A18: 17 | B18: =B17+0.125 -> 3.375 | C18: =C17+0.25 -> 6.75 | D18: =$B18*总表!D$4 -> 3543.75 | E18: =$C18*总表!E$4 -> 675 | F18: =$C18*总表!F$4 -> 202.5 | G18: =$C18*总表!G$4 -> 202.5 | P18: 暴击之核只加攻击不加魔法你这？
A19: 18 | B19: =B18+0.125 -> 3.5 | C19: =C18+0.25 -> 7 | D19: =$B19*总表!D$4 -> 3675 | E19: =$C19*总表!E$4 -> 700 | F19: =$C19*总表!F$4 -> 210 | G19: =$C19*总表!G$4 -> 210
A20: 19 | B20: =B19+0.125 -> 3.625 | C20: =C19+0.25 -> 7.25 | D20: =$B20*总表!D$4 -> 3806.25 | E20: =$C20*总表!E$4 -> 725 | F20: =$C20*总表!F$4 -> 217.5 | G20: =$C20*总表!G$4 -> 217.5
A21: 20 | B21: =B20+0.125 -> 3.75 | C21: =C20+0.25 -> 7.5 | D21: =$B21*总表!D$4 -> 3937.5 | E21: =$C21*总表!E$4 -> 750 | F21: =$C21*总表!F$4 -> 225 | G21: =$C21*总表!G$4 -> 225 | O21: 宠物技能
A22: 21 | B22: =B21+0.125 -> 3.875 | C22: =C21+0.25 -> 7.75 | D22: =$B22*总表!D$4 -> 4068.75 | E22: =$C22*总表!E$4 -> 775 | F22: =$C22*总表!F$4 -> 232.5 | G22: =$C22*总表!G$4 -> 232.5 | N22: 魔焰之击 | O22: 群体魔法 | P22: 远程攻击时5%概率触发,对目标区域造成200%伤害
A23: 22 | B23: =B22+0.125 -> 4 | C23: =C22+0.25 -> 8 | D23: =$B23*总表!D$4 -> 4200 | E23: =$C23*总表!E$4 -> 800 | F23: =$C23*总表!F$4 -> 240 | G23: =$C23*总表!G$4 -> 240 | N23: 破甲 | O23: 法术控制 | P23: 降低目标的防御10%
A24: 23 | B24: =B23+0.125 -> 4.125 | C24: =C23+0.25 -> 8.25 | D24: =$B24*总表!D$4 -> 4331.25 | E24: =$C24*总表!E$4 -> 825 | F24: =$C24*总表!F$4 -> 247.5 | G24: =$C24*总表!G$4 -> 247.5 | N24: 嘲讽 | O24: 嘲讽 | P24: 近战攻击时有10%概率触发,强迫目标立即攻击自身5秒
A25: 24 | B25: =B24+0.125 -> 4.25 | C25: =C24+0.25 -> 8.5 | D25: =$B25*总表!D$4 -> 4462.5 | E25: =$C25*总表!E$4 -> 850 | F25: =$C25*总表!F$4 -> 255 | G25: =$C25*总表!G$4 -> 255 | N25: 奋勇 | O25: 奋勇之击 | P25: 目标生命低于35%伤害提升20%
A26: 25 | B26: =B25+0.125 -> 4.375 | C26: =C25+0.25 -> 8.75 | D26: =$B26*总表!D$4 -> 4593.75 | E26: =$C26*总表!E$4 -> 875 | F26: =$C26*总表!F$4 -> 262.5 | G26: =$C26*总表!G$4 -> 262.5 | N26: 闪击 | O26: 单体技能 | P26: 远程攻击时5%概率触发,立即对当前目标造成250%伤害
A27: 26 | B27: =B26+0.125 -> 4.5 | C27: =C26+0.25 -> 9 | D27: =$B27*总表!D$4 -> 4725 | E27: =$C27*总表!E$4 -> 900 | F27: =$C27*总表!F$4 -> 270 | G27: =$C27*总表!G$4 -> 270 | N27: 缓速 | O27: 单体减速 | P27: 攻击时概率降低目标移动速度10%
A28: 27 | B28: =B27+0.125 -> 4.625 | C28: =C27+0.25 -> 9.25 | D28: =$B28*总表!D$4 -> 4856.25 | E28: =$C28*总表!E$4 -> 925 | F28: =$C28*总表!F$4 -> 277.5 | G28: =$C28*总表!G$4 -> 277.5 | N28: 嫁祸 | P28: 降低自身攻击造成的15%的仇恨
A29: 28 | B29: =B28+0.125 -> 4.75 | C29: =C28+0.25 -> 9.5 | D29: =$B29*总表!D$4 -> 4987.5 | E29: =$C29*总表!E$4 -> 950 | F29: =$C29*总表!F$4 -> 285 | G29: =$C29*总表!G$4 -> 285 | N29: 蹦击 | P29: 近战攻击时5%概率触发,立即对前方区域造成200%伤害
A30: 29 | B30: =B29+0.125 -> 4.875 | C30: =C29+0.25 -> 9.75 | D30: =$B30*总表!D$4 -> 5118.75 | E30: =$C30*总表!E$4 -> 975 | F30: =$C30*总表!F$4 -> 292.5 | G30: =$C30*总表!G$4 -> 292.5
A31: 30 | B31: =B30+0.125 -> 5 | C31: =C30+0.25 -> 10 | D31: =$B31*总表!D$4 -> 5250 | E31: =$C31*总表!E$4 -> 1000 | F31: =$C31*总表!F$4 -> 300 | G31: =$C31*总表!G$4 -> 300
A32: 31 | B32: =B31+0.125 -> 5.125 | C32: =C31+0.25 -> 10.25 | D32: =$B32*总表!D$4 -> 5381.25 | E32: =$C32*总表!E$4 -> 1025 | F32: =$C32*总表!F$4 -> 307.5 | G32: =$C32*总表!G$4 -> 307.5 | O32: 神兽
A33: 32 | B33: =B32+0.125 -> 5.25 | C33: =C32+0.25 -> 10.5 | D33: =$B33*总表!D$4 -> 5512.5 | E33: =$C33*总表!E$4 -> 1050 | F33: =$C33*总表!F$4 -> 315 | G33: =$C33*总表!G$4 -> 315 | O33: 群体攻击 | P33: 每次攻击造成120%的范围伤害
A34: 33 | B34: =B33+0.125 -> 5.375 | C34: =C33+0.25 -> 10.75 | D34: =$B34*总表!D$4 -> 5643.75 | E34: =$C34*总表!E$4 -> 1075 | F34: =$C34*总表!F$4 -> 322.5 | G34: =$C34*总表!G$4 -> 322.5 | O34: 近战 | P34: 每次攻击有概率对前方区域造成300%伤害
A35: 34 | B35: =B34+0.125 -> 5.5 | C35: =C34+0.25 -> 11 | D35: =$B35*总表!D$4 -> 5775 | E35: =$C35*总表!E$4 -> 1100 | F35: =$C35*总表!F$4 -> 330 | G35: =$C35*总表!G$4 -> 330 | N35: 麋鹿治愈 | O35: 群体恢复 | P35: 恢复己方范围内所有友方玩家10%的生命值
A36: 35 | B36: =B35+0.125 -> 5.625 | C36: =C35+0.25 -> 11.25 | D36: =$B36*总表!D$4 -> 5906.25 | E36: =$C36*总表!E$4 -> 1125 | F36: =$C36*总表!F$4 -> 337.5 | G36: =$C36*总表!G$4 -> 337.5
A37: 36 | B37: =B36+0.125 -> 5.75 | C37: =C36+0.25 -> 11.5 | D37: =$B37*总表!D$4 -> 6037.5 | E37: =$C37*总表!E$4 -> 1150 | F37: =$C37*总表!F$4 -> 345 | G37: =$C37*总表!G$4 -> 345 | O37: 魔法光圈 | P37: 每次普攻有20%的几率对目标范围释放一个光圈，光圈存在5秒，每秒对范围内敌人造成150%伤害和50%减速效果，减速效果存在5秒
A38: 37 | B38: =B37+0.125 -> 5.875 | C38: =C37+0.25 -> 11.75 | D38: =$B38*总表!D$4 -> 6168.75 | E38: =$C38*总表!E$4 -> 1175 | F38: =$C38*总表!F$4 -> 352.5 | G38: =$C38*总表!G$4 -> 352.5 | O38: 魔法召唤 | P38: 普攻有20%概率召唤1个分身进行战斗,分身持续10秒 | S38: 雷霆冲锋 | T38: 对前方发起冲锋,并造成200%伤害和附带1秒眩晕
A39: 38 | B39: =B38+0.125 -> 6 | C39: =C38+0.25 -> 12 | D39: =$B39*总表!D$4 -> 6300 | E39: =$C39*总表!E$4 -> 1200 | F39: =$C39*总表!F$4 -> 360 | G39: =$C39*总表!G$4 -> 360 | P39: 只有变异才有概率有这个技能？洗炼可以洗变异
A40: 39 | B40: =B39+0.125 -> 6.125 | C40: =C39+0.25 -> 12.25 | D40: =$B40*总表!D$4 -> 6431.25 | E40: =$C40*总表!E$4 -> 1225 | F40: =$C40*总表!F$4 -> 367.5 | G40: =$C40*总表!G$4 -> 367.5 | L40: 1 | M40: 1000101 | N40: 小鸭鸭 | R40: 近战之击
A41: 40 | B41: =B40+0.125 -> 6.25 | C41: =C40+0.25 -> 12.5 | D41: =$B41*总表!D$4 -> 6562.5 | E41: =$C41*总表!E$4 -> 1250 | F41: =$C41*总表!F$4 -> 375 | G41: =$C41*总表!G$4 -> 375 | L41: 1 | M41: 1000201 | N41: 小松鼠
A42: 41 | B42: =B41+0.125 -> 6.375 | C42: =C41+0.25 -> 12.75 | D42: =$B42*总表!D$4 -> 6693.75 | E42: =$C42*总表!E$4 -> 1275 | F42: =$C42*总表!F$4 -> 382.5 | G42: =$C42*总表!G$4 -> 382.5 | L42: 1 | M42: 1000301 | N42: 小灰狼
A43: 42 | B43: =B42+0.125 -> 6.5 | C43: =C42+0.25 -> 13 | D43: =$B43*总表!D$4 -> 6825 | E43: =$C43*总表!E$4 -> 1300 | F43: =$C43*总表!F$4 -> 390 | G43: =$C43*总表!G$4 -> 390 | L43: 2 | M43: 1000401 | N43: 仙人掌 | O43: 尖刺刺身 | P43: 对受到攻击伤害进行反射,对攻击者造成10%的伤害
A44: 43 | B44: =B43+0.125 -> 6.625 | C44: =C43+0.25 -> 13.25 | D44: =$B44*总表!D$4 -> 6956.25 | E44: =$C44*总表!E$4 -> 1325 | F44: =$C44*总表!F$4 -> 397.5 | G44: =$C44*总表!G$4 -> 397.5 | L44: 2 | M44: 1000501 | N44: 团团
A45: 44 | B45: =B44+0.125 -> 6.75 | C45: =C44+0.25 -> 13.5 | D45: =$B45*总表!D$4 -> 7087.5 | E45: =$C45*总表!E$4 -> 1350 | F45: =$C45*总表!F$4 -> 405 | G45: =$C45*总表!G$4 -> 405 | L45: 2 | M45: 1000601 | N45: 企鹅
A46: 45 | B46: =B45+0.125 -> 6.875 | C46: =C45+0.25 -> 13.75 | D46: =$B46*总表!D$4 -> 7218.75 | E46: =$C46*总表!E$4 -> 1375 | F46: =$C46*总表!F$4 -> 412.5 | G46: =$C46*总表!G$4 -> 412.5 | L46: 2 | M46: 1000701 | N46: 蛇蛇 | O46: 蛇击 | P46: 攻击造成200%伤害,并附带2秒眩晕
A47: 46 | B47: =B46+0.125 -> 7 | C47: =C46+0.25 -> 14 | D47: =$B47*总表!D$4 -> 7350 | E47: =$C47*总表!E$4 -> 1400 | F47: =$C47*总表!F$4 -> 420 | G47: =$C47*总表!G$4 -> 420 | L47: 2 | M47: 1000801 | N47: 萝卜头
A48: 47 | B48: =B47+0.125 -> 7.125 | C48: =C47+0.25 -> 14.25 | D48: =$B48*总表!D$4 -> 7481.25 | E48: =$C48*总表!E$4 -> 1425 | F48: =$C48*总表!F$4 -> 427.5 | G48: =$C48*总表!G$4 -> 427.5 | L48: 2 | M48: 1000901 | N48: 雷霆猪
A49: 48 | B49: =B48+0.125 -> 7.25 | C49: =C48+0.25 -> 14.5 | D49: =$B49*总表!D$4 -> 7612.5 | E49: =$C49*总表!E$4 -> 1450 | F49: =$C49*总表!F$4 -> 435 | G49: =$C49*总表!G$4 -> 435 | L49: 3 | M49: 1001001 | N49: 乌贼女士 | O49: 毒墨攻击 | P49: 对前方范围造成喷吐伤害造成200%伤害,并使目标命中降低20%,产生致盲效果
A50: 49 | B50: =B49+0.125 -> 7.375 | C50: =C49+0.25 -> 14.75 | D50: =$B50*总表!D$4 -> 7743.75 | E50: =$C50*总表!E$4 -> 1475 | F50: =$C50*总表!F$4 -> 442.5 | G50: =$C50*总表!G$4 -> 442.5 | L50: 3 | M50: 1001101 | N50: 魔法精灵
A51: 50 | B51: =B50+0.125 -> 7.5 | C51: =C50+0.25 -> 15 | D51: =$B51*总表!D$4 -> 7875 | E51: =$C51*总表!E$4 -> 1500 | F51: =$C51*总表!F$4 -> 450 | G51: =$C51*总表!G$4 -> 450 | L51: 3 | M51: 1001201 | N51: 魔法娃娃
A52: 51 | B52: =B51+0.125 -> 7.625 | C52: =C51+0.25 -> 15.25 | D52: =$B52*总表!D$4 -> 8006.25 | E52: =$C52*总表!E$4 -> 1525 | F52: =$C52*总表!F$4 -> 457.5 | G52: =$C52*总表!G$4 -> 457.5 | L52: 3 | M52: 1001301 | N52: 淘气包 | O52: 淘气爆炸 | P52: 自身是生命为0时会对附近单位造成一次300%爆炸伤害,并眩晕2秒
A53: 52 | B53: =B52+0.125 -> 7.75 | C53: =C52+0.25 -> 15.5 | D53: =$B53*总表!D$4 -> 8137.5 | E53: =$C53*总表!E$4 -> 1550 | F53: =$C53*总表!F$4 -> 465 | G53: =$C53*总表!G$4 -> 465 | L53: 3 | M53: 1001401 | N53: 光明天使 | O53: 天使闪电 | P53: 每次攻击有20%概率对目标进行释放闪电链, 对最多5个单位造成150%伤害，受到闪电链攻击的目标将产生静电效果,收到伤害额外提升10%,持续3秒
A54: 53 | B54: =B53+0.125 -> 7.875 | C54: =C53+0.25 -> 15.75 | D54: =$B54*总表!D$4 -> 8268.75 | E54: =$C54*总表!E$4 -> 1575 | F54: =$C54*总表!F$4 -> 472.5 | G54: =$C54*总表!G$4 -> 472.5 | L54: 3 | M54: 1009101 | N54: 铁甲勇士 | O54: 铁甲之力 | P54: 受到攻击有10%几率触发铁甲效果,免疫一切伤害2秒,对敌人范围内造成200%伤害和1秒眩晕,此效果当自身血量降低至50%时必然会触发一次
A55: 54 | B55: =B54+0.125 -> 8 | C55: =C54+0.25 -> 16 | D55: =$B55*总表!D$4 -> 8400 | E55: =$C55*总表!E$4 -> 1600 | F55: =$C55*总表!F$4 -> 480 | G55: =$C55*总表!G$4 -> 480 | L55: 3 | M55: 1009201 | N55: 迷狐之妖 | O55: 迷惑之术 | P55: 受到攻击后,立即对闪烁到目标身后,对范围内所有敌人造成200%伤害和2秒束缚 | R55: 每隔10秒立即出现在敌人身后(近战宠物基本上都在身后)
A56: 55 | B56: =B55+0.125 -> 8.125 | C56: =C55+0.25 -> 16.25 | D56: =$B56*总表!D$4 -> 8531.25 | E56: =$C56*总表!E$4 -> 1625 | F56: =$C56*总表!F$4 -> 487.5 | G56: =$C56*总表!G$4 -> 487.5 | L56: 3 | M56: 1009301 | N56: 爱心之灵 | O56: 天使之翼 | P56: 战斗开始时,必定触发一次,每次攻击有10%概率恢复自身和周围队友5%最大生命值，并且自身攻速提升50%持续5秒
A57: 56 | B57: =B56+0.125 -> 8.25 | C57: =C56+0.25 -> 16.5 | D57: =$B57*总表!D$4 -> 8662.5 | E57: =$C57*总表!E$4 -> 1650 | F57: =$C57*总表!F$4 -> 495 | G57: =$C57*总表!G$4 -> 495 | L57: 5 | M57: 2000001 | N57: 神兽:精灵麋鹿 | P57: 恢复己方范围内所有友方玩家20%的生命值 | Q57: 1个额外技能,1个神兽之体各项属性提升20% | X57: 10个技能
A58: 57 | B58: =B57+0.125 -> 8.375 | C58: =C57+0.25 -> 16.75 | D58: =$B58*总表!D$4 -> 8793.75 | E58: =$C58*总表!E$4 -> 1675 | F58: =$C58*总表!F$4 -> 502.5 | G58: =$C58*总表!G$4 -> 502.5 | L58: 5 | M58: 2000002 | N58: 神兽:幽光晴晴 | P58: 每次攻击造成120%的范围伤害 | X58: 10个技能
A59: 58 | B59: =B58+0.125 -> 8.5 | C59: =C58+0.25 -> 17 | D59: =$B59*总表!D$4 -> 8925 | E59: =$C59*总表!E$4 -> 1700 | F59: =$C59*总表!F$4 -> 510 | G59: =$C59*总表!G$4 -> 510 | L59: 5 | M59: 2000003 | N59: 神兽:仙界魔龙 | P59: 每次攻击有概率对前方区域造成300%伤害 | X59: 10个技能
A60: 59 | B60: =B59+0.125 -> 8.625 | C60: =C59+0.25 -> 17.25 | D60: =$B60*总表!D$4 -> 9056.25 | E60: =$C60*总表!E$4 -> 1725 | F60: =$C60*总表!F$4 -> 517.5 | G60: =$C60*总表!G$4 -> 517.5
A61: 60 | B61: =B60+0.125 -> 8.75 | C61: =C60+0.25 -> 17.5 | D61: =$B61*总表!D$4 -> 9187.5 | E61: =$C61*总表!E$4 -> 1750 | F61: =$C61*总表!F$4 -> 525 | G61: =$C61*总表!G$4 -> 525 | P61: 宠物战斗有攻击策略?还是阵法？ | Q61: 并立即释放一个勇士
A62: 61 | B62: =B61+0.125 -> 8.875 | C62: =C61+0.25 -> 17.75 | D62: =$B62*总表!D$4 -> 9318.75 | E62: =$C62*总表!E$4 -> 1775 | F62: =$C62*总表!F$4 -> 532.5 | G62: =$C62*总表!G$4 -> 532.5 | M62: 80001001 | N62: 勇猛 | P62: 物理攻击提升10%
A63: 62 | B63: =B62+0.125 -> 9 | C63: =C62+0.25 -> 18 | D63: =$B63*总表!D$4 -> 9450 | E63: =$C63*总表!E$4 -> 1800 | F63: =$C63*总表!F$4 -> 540 | G63: =$C63*总表!G$4 -> 540 | M63: 80001002 | N63: 暴击 | P63: 暴击概率提升10% | U63: 对前方区域释放冲击波,冲击波造成300%伤害,并使目标受到伤害额外提升10%,持续6秒
A64: 63 | B64: =B63+0.125 -> 9.125 | C64: =C63+0.25 -> 18.25 | D64: =$B64*总表!D$4 -> 9581.25 | E64: =$C64*总表!E$4 -> 1825 | F64: =$C64*总表!F$4 -> 547.5 | G64: =$C64*总表!G$4 -> 547.5 | M64: 80001003 | N64: 魔法 | P64: 魔法攻击提升10%
A65: 64 | B65: =B64+0.125 -> 9.25 | C65: =C64+0.25 -> 18.5 | D65: =$B65*总表!D$4 -> 9712.5 | E65: =$C65*总表!E$4 -> 1850 | F65: =$C65*总表!F$4 -> 555 | G65: =$C65*总表!G$4 -> 555 | M65: 80001004 | N65: 集中 | P65: 闪避概率提升5%,命中概率提升5%
A66: 65 | B66: =B65+0.125 -> 9.375 | C66: =C65+0.25 -> 18.75 | D66: =$B66*总表!D$4 -> 9843.75 | E66: =$C66*总表!E$4 -> 1875 | F66: =$C66*总表!F$4 -> 562.5 | G66: =$C66*总表!G$4 -> 562.5 | M66: 80001005 | N66: 移动 | P66: 移动速度提升10%
A67: 66 | B67: =B66+0.125 -> 9.5 | C67: =C66+0.25 -> 19 | D67: =$B67*总表!D$4 -> 9975 | E67: =$C67*总表!E$4 -> 1900 | F67: =$C67*总表!F$4 -> 570 | G67: =$C67*总表!G$4 -> 570 | M67: 80001006 | N67: 重击 | P67: 攻击时有10%概率忽视目标身上对应的防御属性
A68: 67 | B68: =B67+0.125 -> 9.625 | C68: =C67+0.25 -> 19.25 | D68: =$B68*总表!D$4 -> 10106.25 | E68: =$C68*总表!E$4 -> 1925 | F68: =$C68*总表!F$4 -> 577.5 | G68: =$C68*总表!G$4 -> 577.5 | M68: 80001007 | N68: 反击 | P68: 受到攻击时有20%概率立即对目标造成一次伤害
A69: 68 | B69: =B68+0.125 -> 9.75 | C69: =C68+0.25 -> 19.5 | D69: =$B69*总表!D$4 -> 10237.5 | E69: =$C69*总表!E$4 -> 1950 | F69: =$C69*总表!F$4 -> 585 | G69: =$C69*总表!G$4 -> 585 | M69: 80001008 | N69: 反震 | P69: 受到物理攻击有30%概率给与攻击者反震,造成的伤害为受到伤害的50%
A70: 69 | B70: =B69+0.125 -> 9.875 | C70: =C69+0.25 -> 19.75 | D70: =$B70*总表!D$4 -> 10368.75 | E70: =$C70*总表!E$4 -> 1975 | F70: =$C70*总表!F$4 -> 592.5 | G70: =$C70*总表!G$4 -> 592.5 | M70: 80001009 | N70: 抵抗 | P70: 受到魔法攻击有10%概率进行抵抗
A71: 70 | B71: =B70+0.125 -> 10 | C71: =C70+0.25 -> 20 | D71: =$B71*总表!D$4 -> 10500 | E71: =$C71*总表!E$4 -> 2000 | F71: =$C71*总表!F$4 -> 600 | G71: =$C71*总表!G$4 -> 600 | M71: 80001010 | N71: 生命 | P71: 血量提升10%
M72: 80001011 | N72: 再生 | P72: 每秒恢复最大生命值的1%
M73: 80001012 | N73: 神迹 | P73: 受到异常状态有25%概率进行抵抗
M74: 80001013 | N74: 灵巧 | P74: 受到技能攻击有10%概率进行闪避
M75: 80001014 | N75: 神佑 | P75: 生命变为0时有10%概率立即恢复全部生命值
M76: 80001015 | N76: 破咒 | P76: 当目标有神佑技能时,造成伤害提升20%
M77: 80001016 | N77: 防御 | P77: 物防和魔防提升10%
M78: 80001017 | N78: 幸运 | P78: 受到目标攻击有10%概率恢复自身攻击的50%生命值
M79: 80001018 | N79: 强力 | P79: 攻击目标造成的伤害提升10%
M80: 80001019 | N80: 防护 | P80: 受到目标攻击造成的伤害降低10%
M81: 80001020 | N81: 专注 | P81: 释放技能时有10%概率连续释放2次
M82: 80001021 | N82: 魔焰 | P82: 远程攻击时10%概率触发,对目标区域造成200%伤害
M83: 80001022 | N83: 破甲 | P83: 普通攻击时,概率降低目标10%的防御和魔防,持续6秒
... M117: 80002028 | N117: 高阶崩裂 | P117: 近战攻击时10%概率触发,立即对前方区域造成200%伤害

Sheet 宠物爬塔
A1: 等级 | B1: 血量系数 | C1: 属性系数 | D1: 血量 | E1: 攻击 | F1: 物防 | G1: 魔防 | L1: 爬塔层数 | M1: 对应等级 | N1: 血量 | O1: 攻击 | P1: 物防 | Q1: 魔防 | S1: 是否BOSS | T1: 等级 | U1: 血量系数 | V1: 攻击系数
A2: 1 | B2: 3 | C2: 3 | D2: =$B2*总表!D$4 -> 3150 | E2: =$C2*总表!E$4 -> 300 | F2: =$C2*总表!F$4 -> 90 | G2: =$C2*总表!G$4 -> 90 | L2: 1 | M2: 2 | N2: =LOOKUP($M2,$A:$A,D:D) -> 4200 | O2: =LOOKUP($M2,$A:$A,E:E) -> 400 | P2: =LOOKUP($M2,$A:$A,F:F) -> 120 | Q2: =LOOKUP($M2,$A:$A,G:G) -> 120 | S2: 1 | T2: 3 | U2: 1 | V2: 1 | X2: =ROUND(LOOKUP($T2,$A:$A,D:D)*U2,0) -> 5250 | Y2: =ROUND(LOOKUP($T2,$A:$A,E:E)*V2,0) -> 500 | Z2: =ROUND(LOOKUP($T2,$A:$A,F:F),0) -> 150 | AA2: =ROUND(LOOKUP($T2,$A:$A,G:G),0) -> 150 | AE2: =880/5 -> 176 | AF2: 对应钱
A3: 2 | B3: =B2+1 -> 4 | C3: =C2+1 -> 4 | D3: =$B3*总表!D$4 -> 4200 | E3: =$C3*总表!E$4 -> 400 | F3: =$C3*总表!F$4 -> 120 | G3: =$C3*总表!G$4 -> 120 | L3: 2 | M3: 4 | N3: =LOOKUP($M3,$A:$A,D:D) -> 6300 | O3: =LOOKUP($M3,$A:$A,E:E) -> 600 | P3: =LOOKUP($M3,$A:$A,F:F) -> 180 | Q3: =LOOKUP($M3,$A:$A,G:G) -> 180 | S3: 1 | T3: 5 | U3: 1 | V3: 1 | X3: =ROUND(LOOKUP($T3,$A:$A,D:D)*U3,0) -> 7350 | Y3: =ROUND(LOOKUP($T3,$A:$A,E:E)*V3,0) -> 700 | Z3: =ROUND(LOOKUP($T3,$A:$A,F:F),0) -> 210 | AA3: =ROUND(LOOKUP($T3,$A:$A,G:G),0) -> 210 | AD3: 50 | AE3: =AD3*$AE$2 -> 8800 | AF3: =AE3/100 -> 88
A4: 3 | B4: =B3+1 -> 5 | C4: =C3+1 -> 5 | D4: =$B4*总表!D$4 -> 5250 | E4: =$C4*总表!E$4 -> 500 | F4: =$C4*总表!F$4 -> 150 | G4: =$C4*总表!G$4 -> 150 | L4: 3 | M4: 6 | N4: =LOOKUP($M4,$A:$A,D:D) -> 8400 | O4: =LOOKUP($M4,$A:$A,E:E) -> 800 | P4: =LOOKUP($M4,$A:$A,F:F) -> 240 | Q4: =LOOKUP($M4,$A:$A,G:G) -> 240 | S4: 1 | T4: 5 | U4: 1 | V4: 1 | X4: =ROUND(LOOKUP($T4,$A:$A,D:D)*U4,0) -> 7350 | Y4: =ROUND(LOOKUP($T4,$A:$A,E:E)*V4,0) -> 700 | Z4: =ROUND(LOOKUP($T4,$A:$A,F:F),0) -> 210 | AA4: =ROUND(LOOKUP($T4,$A:$A,G:G),0) -> 210 | AD4: 100 | AE4: =AD4*$AE$2 -> 17600 | AF4: =AE4/100 -> 176
A5: 4 | B5: =B4+1 -> 6 | C5: =C4+1 -> 6 | D5: =$B5*总表!D$4 -> 6300 | E5: =$C5*总表!E$4 -> 600 | F5: =$C5*总表!F$4 -> 180 | G5: =$C5*总表!G$4 -> 180 | L5: 4 | M5: 8 | N5: =LOOKUP($M5,$A:$A,D:D) -> 10500 | O5: =LOOKUP($M5,$A:$A,E:E) -> 1000 | P5: =LOOKUP($M5,$A:$A,F:F) -> 300 | Q5: =LOOKUP($M5,$A:$A,G:G) -> 300 | S5: 1 | T5: 5 | U5: 1 | V5: 1 | X5: =ROUND(LOOKUP($T5,$A:$A,D:D)*U5,0) -> 7350 | Y5: =ROUND(LOOKUP($T5,$A:$A,E:E)*V5,0) -> 700 | Z5: =ROUND(LOOKUP($T5,$A:$A,F:F),0) -> 210 | AA5: =ROUND(LOOKUP($T5,$A:$A,G:G),0) -> 210 | AD5: 200 | AE5: =AD5*$AE$2 -> 35200 | AF5: =AE5/100 -> 352
A6: 5 | B6: =B5+1 -> 7 | C6: =C5+1 -> 7 | D6: =$B6*总表!D$4 -> 7350 | E6: =$C6*总表!E$4 -> 700 | F6: =$C6*总表!F$4 -> 210 | G6: =$C6*总表!G$4 -> 210 | L6: 5 | M6: 10 | N6: =LOOKUP($M6,$A:$A,D:D) -> 12600 | O6: =LOOKUP($M6,$A:$A,E:E) -> 1200 | P6: =LOOKUP($M6,$A:$A,F:F) -> 360 | Q6: =LOOKUP($M6,$A:$A,G:G) -> 360 | S6: 3 | T6: 5 | U6: 2.5 | V6: 1.3 | X6: =ROUND(LOOKUP($T6,$A:$A,D:D)*U6,0) -> 18375 | Y6: =ROUND(LOOKUP($T6,$A:$A,E:E)*V6,0) -> 910 | Z6: =ROUND(LOOKUP($T6,$A:$A,F:F),0) -> 210 | AA6: =ROUND(LOOKUP($T6,$A:$A,G:G),0) -> 210 | AD6: 500 | AE6: =AD6*$AE$2 -> 88000 | AF6: =AE6/100 -> 880
A7: 6 | B7: =B6+1 -> 8 | C7: =C6+1 -> 8 | D7: =$B7*总表!D$4 -> 8400 | E7: =$C7*总表!E$4 -> 800 | F7: =$C7*总表!F$4 -> 240 | G7: =$C7*总表!G$4 -> 240 | L7: 6 | M7: 12 | N7: =LOOKUP($M7,$A:$A,D:D) -> 14700 | O7: =LOOKUP($M7,$A:$A,E:E) -> 1400 | P7: =LOOKUP($M7,$A:$A,F:F) -> 420 | Q7: =LOOKUP($M7,$A:$A,G:G) -> 420 | S7: 1 | T7: 8 | U7: 1 | V7: 1 | X7: =ROUND(LOOKUP($T7,$A:$A,D:D)*U7,0) -> 10500 | Y7: =ROUND(LOOKUP($T7,$A:$A,E:E)*V7,0) -> 1000 | Z7: =ROUND(LOOKUP($T7,$A:$A,F:F),0) -> 300 | AA7: =ROUND(LOOKUP($T7,$A:$A,G:G),0) -> 300 | AD7: 1000 | AE7: =AD7*$AE$2 -> 176000 | AF7: =AE7/100 -> 1760 | AH7: 11300008 | AI7: 传承增幅:极品
A8: 7 | B8: =B7+1 -> 9 | C8: =C7+1 -> 9 | D8: =$B8*总表!D$4 -> 9450 | E8: =$C8*总表!E$4 -> 900 | F8: =$C8*总表!F$4 -> 270 | G8: =$C8*总表!G$4 -> 270 | L8: 7 | M8: 14 | N8: =LOOKUP($M8,$A:$A,D:D) -> 16800 | O8: =LOOKUP($M8,$A:$A,E:E) -> 1600 | P8: =LOOKUP($M8,$A:$A,F:F) -> 480 | Q8: =LOOKUP($M8,$A:$A,G:G) -> 480 | S8: 1 | T8: 8 | U8: 1 | V8: 1 | X8: =ROUND(LOOKUP($T8,$A:$A,D:D)*U8,0) -> 10500 | Y8: =ROUND(LOOKUP($T8,$A:$A,E:E)*V8,0) -> 1000 | Z8: =ROUND(LOOKUP($T8,$A:$A,F:F),0) -> 300 | AA8: =ROUND(LOOKUP($T8,$A:$A,G:G),0) -> 300 | AD8: 2000 | AE8: =AD8*$AE$2 -> 352000 | AF8: =AE8/100 -> 3520 | AH8: 11300008 | AI8: 传承增幅:极品
A9: 8 | B9: =B8+1 -> 10 | C9: =C8+1 -> 10 | D9: =$B9*总表!D$4 -> 10500 | E9: =$C9*总表!E$4 -> 1000 | F9: =$C9*总表!F$4 -> 300 | G9: =$C9*总表!G$4 -> 300 | L9: 8 | M9: 16 | N9: =LOOKUP($M9,$A:$A,D:D) -> 18900 | O9: =LOOKUP($M9,$A:$A,E:E) -> 1800 | P9: =LOOKUP($M9,$A:$A,F:F) -> 540 | Q9: =LOOKUP($M9,$A:$A,G:G) -> 540 | S9: 3 | T9: 8 | U9: 2.5 | V9: 1.3 | X9: =ROUND(LOOKUP($T9,$A:$A,D:D)*U9,0) -> 26250 | Y9: =ROUND(LOOKUP($T9,$A:$A,E:E)*V9,0) -> 1300 | Z9: =ROUND(LOOKUP($T9,$A:$A,F:F),0) -> 300 | AA9: =ROUND(LOOKUP($T9,$A:$A,G:G),0) -> 300 | AD9: 3000 | AE9: =AD9*$AE$2 -> 528000 | AF9: =AE9/100 -> 5280 | AH9: 11300008 | AI9: 传承增幅:极品
A10: 9 | B10: =B9+1 -> 11 | C10: =C9+1 -> 11 | D10: =$B10*总表!D$4 -> 11550 | E10: =$C10*总表!E$4 -> 1100 | F10: =$C10*总表!F$4 -> 330 | G10: =$C10*总表!G$4 -> 330 | L10: 9 | M10: 18 | N10: =LOOKUP($M10,$A:$A,D:D) -> 21000 | O10: =LOOKUP($M10,$A:$A,E:E) -> 2000 | P10: =LOOKUP($M10,$A:$A,F:F) -> 600 | Q10: =LOOKUP($M10,$A:$A,G:G) -> 600 | S10: 1 | T10: 10 | U10: 1 | V10: 1 | X10: =ROUND(LOOKUP($T10,$A:$A,D:D)*U10,0) -> 12600 | Y10: =ROUND(LOOKUP($T10,$A:$A,E:E)*V10,0) -> 1200 | Z10: =ROUND(LOOKUP($T10,$A:$A,F:F),0) -> 360 | AA10: =ROUND(LOOKUP($T10,$A:$A,G:G),0) -> 360 | AD10: 5000 | AE10: =AD10*$AE$2 -> 880000 | AF10: =AE10/100 -> 8800 | AH10: 11300008 | AI10: 传承增幅:极品
